angle,distance,type
-40.0,1.0,1
-40.0,2.0,1
-40.0,3.0,1
-40.0,4.0,1
-30.0,1.0,1
-30.0,2.0,1
-30.0,3.0,1
-30.0,4.0,1
-20.0,1.0,1
-20.0,2.0,1
-20.0,3.0,1
-20.0,4.0,1
-10.0,1.0,1
-10.0,2.0,1
-10.0,3.0,1
-10.0,4.0,1
0.0,1.0,1
0.0,2.0,1
0.0,3.0,1
0.0,4.0,1
10.0,1.0,1
10.0,2.0,1
10.0,3.0,1
10.0,4.0,1
20.0,1.0,1
20.0,2.0,1
20.0,3.0,1
20.0,4.0,1
30.0,1.0,1
30.0,2.0,1
30.0,3.0,1
30.0,4.0,1
40.0,1.0,1
40.0,2.0,1
40.0,3.0,1
40.0,4.0,1
-40.13053929835095,1.0007957076728955,0
-40.13053929835095,1.0007957076728955,0
-40.13053929835095,1.0007957076728955,0
-40.13053929835095,1.0007957076728955,0
-40.13053929835095,1.0007957076728955,0
-40.13053929835095,1.0007957076728955,0
-40.13053929835095,1.0007957076728955,0
-40.13053929835095,1.0007957076728955,0
-40.13053929835095,1.0007957076728955,0
-40.13053929835095,1.0007957076728955,0
-40.13053929835095,1.0007957076728955,0
-40.13053929835095,1.0007957076728955,0
-40.13053929835095,1.0007957076728955,0
-40.13053929835095,1.0007957076728955,0
-40.13053929835095,1.0007957076728955,0
-40.13053929835095,1.0007957076728955,0
-40.13053929835095,1.0007957076728955,0
-40.13053929835095,1.0007957076728955,0
-40.13053929835095,1.0007957076728955,0
-40.13053929835095,1.0007957076728955,0
-40.13053929835095,1.0007957076728955,0
-40.13053929835095,1.0007957076728955,0
-40.13053929835095,1.0007957076728955,0
-40.13053929835095,1.0007957076728955,0
-40.13053929835095,1.0007957076728955,0
-40.13053929835095,1.0007957076728955,0
-40.13053929835095,1.0007957076728955,0
-40.13053929835095,1.0007957076728955,0
-40.13053929835095,1.0007957076728955,0
-40.13053929835095,1.0007957076728955,0
-40.13053929835095,1.0007957076728955,0
-39.83843997699909,1.0020219899556049,0
-39.83843997699909,1.0020219899556049,0
-39.83843997699909,1.0020219899556049,0
-39.83843997699909,1.0020219899556049,0
-39.83843997699909,1.0020219899556049,0
-39.83843997699909,1.0020219899556049,0
-39.83843997699909,1.0020219899556049,0
-39.83843997699909,1.0020219899556049,0
-39.83843997699909,1.0020219899556049,0
-39.83843997699909,1.0020219899556049,0
-39.83843997699909,1.0020219899556049,0
-39.83843997699909,1.0020219899556049,0
-39.83843997699909,1.0020219899556049,0
-39.83843997699909,1.0020219899556049,0
-39.83843997699909,1.0020219899556049,0
-39.83843997699909,1.0020219899556049,0
-39.83843997699909,1.0020219899556049,0
-39.83843997699909,1.0020219899556049,0
-39.83843997699909,1.0020219899556049,0
-38.68218745348944,2.0021588087695332,0
-38.68218745348944,2.0021588087695332,0
-38.68218745348944,2.0021588087695332,0
-38.68218745348944,2.0021588087695332,0
-38.68218745348944,2.0021588087695332,0
-38.68218745348944,1.9925867738334158,0
-38.68218745348944,1.9925867738334158,0
-38.68218745348944,1.9925867738334158,0
-38.68218745348944,1.9925867738334158,0
-38.68218745348944,1.9925867738334158,0
-38.68218745348943,2.0117326584791906,0
-38.68218745348943,2.0117326584791906,0
-38.68218745348943,2.0117326584791906,0
-38.68218745348944,1.9830165526392474,0
-38.68218745348944,1.9830165526392474,0
-38.68218745348944,2.021308323994956,0
-38.68218745348944,2.021308323994956,0
-38.68218745348944,2.021308323994956,0
-38.68218745348944,2.021308323994956,0
-38.68218745348944,2.021308323994956,0
-38.68218745348944,2.03088580635038,0
-38.68218745348944,2.03088580635038,0
-38.68218745348944,2.03088580635038,0
-38.68218745348944,2.03088580635038,0
-38.68218745348944,2.03088580635038,0
-38.68218745348944,2.03088580635038,0
-38.68218745348944,2.03088580635038,0
-38.68218745348944,2.03088580635038,0
-38.68218745348944,2.03088580635038,0
-38.68218745348944,2.03088580635038,0
-38.68218745348944,2.03088580635038,0
-38.68218745348944,2.03088580635038,0
-38.396049957657716,2.0,0
-38.396049957657716,2.003284635318491,0
-38.396049957657716,2.003284635318491,0
-38.396049957657716,2.003284635318491,0
-38.396049957657716,2.003284635318491,0
-38.396049957657716,2.003284635318491,0
-38.396049957657716,2.003284635318491,0
-38.396049957657716,2.003284635318491,0
-38.396049957657716,2.003284635318491,0
-38.396049957657716,2.003284635318491,0
-38.396049957657716,2.003284635318491,0
-38.396049957657716,2.003284635318491,0
-38.396049957657716,2.003284635318491,0
-38.396049957657716,2.003284635318491,0
-38.396049957657716,2.003284635318491,0
-38.396049957657716,2.003284635318491,0
-38.396049957657716,2.003284635318491,0
-38.396049957657716,2.003284635318491,0
-38.396049957657716,2.9795462524195617,0
-38.396049957657716,2.9697859841076713,0
-38.396049957657716,2.9697859841076713,0
-38.396049957657716,2.9697859841076713,0
-38.396049957657716,2.9697859841076713,0
-38.396049957657716,2.9697859841076713,0
-38.396049957657716,2.9600276386304407,0
-38.396049957657716,2.9502712148517976,0
-38.396049957657716,2.9502712148517976,0
-38.11104045525999,3.0001431408060624,0
-38.11104045525999,3.0001431408060624,0
-38.11104045525999,2.9903794655771967,0
-38.11104045525999,2.9903794655771967,0
-38.11104045525999,2.980617715197013,0
-38.11104045525999,2.980617715197013,0
-38.11104045525999,2.980617715197013,0
-38.11104045525999,2.980617715197013,0
-38.11104045525999,2.980617715197013,0
-38.11104045525999,3.019676270367652,0
-38.396049957657716,2.9405167116367883,0
-38.396049957657716,2.9405167116367883,0
-38.396049957657716,2.9405167116367883,0
-38.396049957657716,2.9405167116367883,0
-38.11104045525999,2.9708578885274557,0
-38.11104045525999,2.9708578885274557,0
-38.11104045525999,2.9708578885274557,0
-38.11104045525999,2.9708578885274557,0
-38.11104045525999,2.9708578885274557,0
-38.11104045525999,2.9708578885274557,0
-38.11104045525999,2.9708578885274557,0
-38.11104045525999,2.9708578885274557,0
-38.11104045525999,2.9708578885274557,0
-38.11104045525999,2.9708578885274557,0
-38.11104045525999,2.9708578885274557,0
-38.11104045525999,2.9708578885274557,0
-38.11104045525999,2.9708578885274557,0
-38.11104045525999,2.9708578885274557,0
-38.11104045525999,2.9708578885274557,0
-38.11104045525999,2.9610999844315944,0
-38.11104045525999,2.9610999844315944,0
-38.11104045525999,2.9610999844315944,0
-38.11104045525999,2.9610999844315944,0
-38.11104045525999,2.9610999844315944,0
-38.11104045525999,2.9610999844315944,0
-38.11104045525999,2.9610999844315944,0
-38.11104045525999,2.9610999844315944,0
-38.11104045525999,2.9610999844315944,0
-38.11104045525999,2.9610999844315944,0
-38.11104045525999,2.9610999844315944,0
-38.11104045525999,2.9610999844315944,0
-39.2579298509846,4.002199503876267,0
-39.2579298509846,3.9922314196952575,0
-39.2579298509846,3.982265383595946,0
-39.2579298509846,3.982265383595946,0
-39.2579298509846,3.982265383595946,0
-39.2579298509846,3.982265383595946,0
-39.2579298509846,3.9723013942979803,0
-39.2579298509846,3.9723013942979803,0
-39.2579298509846,3.9723013942979803,0
-39.2579298509846,3.9723013942979803,0
-39.2579298509846,3.9723013942979803,0
-39.2579298509846,3.962339450522337,0
-39.2579298509846,3.962339450522337,0
-39.2579298509846,3.962339450522337,0
-39.2579298509846,3.952379550991323,0
-39.2579298509846,3.952379550991323,0
-39.2579298509846,3.952379550991323,0
-38.969473665241324,4.0032568588570445,0
-38.969473665241324,4.0032568588570445,0
-38.969473665241324,4.0032568588570445,0
-38.969473665241324,4.0032568588570445,0
-38.969473665241324,4.0032568588570445,0
-38.969473665241324,3.9932892464113188,0
-38.969473665241324,3.9932892464113188,0
-38.969473665241324,3.9932892464113188,0
-38.969473665241324,3.9932892464113188,0
-38.969473665241324,3.9932892464113188,0
-38.969473665241324,3.9932892464113188,0
-38.969473665241324,3.9932892464113188,0
-38.969473665241324,3.9932892464113188,0
-38.969473665241324,3.9932892464113188,0
-38.969473665241324,3.9932892464113188,0
-38.969473665241324,3.9932892464113188,0
-38.969473665241324,3.9932892464113188,0
-38.969473665241324,3.9932892464113188,0
-38.969473665241324,3.9932892464113188,0
-38.969473665241324,3.9932892464113188,0
-38.969473665241324,3.9932892464113188,0
-38.969473665241324,3.9932892464113188,0
-38.969473665241324,3.9932892464113188,0
-38.969473665241324,3.9932892464113188,0
-38.969473665241324,3.9932892464113188,0
-38.969473665241324,3.9932892464113188,0
-38.969473665241324,3.9932892464113188,0
-38.969473665241324,3.9932892464113188,0
-38.969473665241324,3.9932892464113188,0
-38.969473665241324,3.9932892464113188,0
-38.969473665241324,3.9932892464113188,0
-38.969473665241324,4.013226520371095,0
-38.969473665241324,4.013226520371095,0
-28.716021289120466,0.99682662967456,0
-28.716021289120466,1.006192492918567,0
-28.46113308649906,0.99766807327631,0
-28.46113308649906,0.99766807327631,0
-28.46113308649906,0.99766807327631,0
-28.46113308649906,0.99766807327631,0
-28.46113308649906,0.99766807327631,0
-28.46113308649906,0.99766807327631,0
-28.46113308649906,0.99766807327631,0
-28.46113308649906,0.99766807327631,0
-28.46113308649906,1.0070335515662996,0
-28.46113308649906,1.0070335515662996,0
-28.46113308649906,1.0070335515662996,0
-28.46113308649906,0.9883042938487585,0
-28.46113308649906,0.9883042938487585,0
-28.46113308649906,0.9883042938487585,0
-28.46113308649906,0.9883042938487585,0
-28.46113308649906,0.9883042938487585,0
-28.46113308649906,0.9883042938487585,0
-28.46113308649906,0.9883042938487585,0
-28.46113308649906,0.9883042938487585,0
-28.206858076817536,0.9985023730994146,0
-28.206858076817536,0.9985023730994146,0
-28.206858076817536,0.9985023730994146,0
-28.206858076817536,0.9985023730994146,0
-28.206858076817536,0.9985023730994146,0
-28.206858076817536,0.9985023730994146,0
-28.206858076817536,0.9985023730994146,0
-28.206858076817536,0.9985023730994146,0
-28.461133086499064,1.0164007296437287,0
-28.461133086499064,1.0164007296437287,0
-28.206858076817536,1.0078674664640965,0
-28.206858076817536,1.0078674664640965,0
-28.206858076817536,1.0078674664640965,0
-28.206858076817536,1.0078674664640965,0
-28.206858076817536,1.0078674664640965,0
-28.206858076817536,1.0078674664640965,0
-28.206858076817536,1.0078674664640965,0
-28.206858076817536,1.0078674664640965,0
-28.206858076817536,1.0078674664640965,0
-28.20685807681754,0.9891389783877291,0
-28.20685807681754,0.9891389783877291,0
-28.20685807681754,0.9891389783877291,0
-28.20685807681754,0.9891389783877291,0
-28.20685807681754,0.9891389783877291,0
-28.20685807681754,0.9891389783877291,0
-28.20685807681754,0.9891389783877291,0
-28.20685807681754,0.9891389783877291,0
-28.20685807681754,0.9891389783877291,0
-28.20685807681754,0.9891389783877291,0
-28.716021289120466,1.9992515553702261,0
-28.716021289120466,1.9992515553702261,0
-28.716021289120466,1.9992515553702261,0
-28.716021289120466,1.9992515553702261,0
-28.716021289120466,1.9992515553702261,0
-28.716021289120466,2.0,0
-28.716021289120466,2.008802939369526,0
-28.716021289120466,2.008802939369526,0
-28.716021289120466,2.008802939369526,0
-28.716021289120466,2.008802939369526,0
-28.716021289120466,2.008802939369526,0
-28.716021289120466,2.008802939369526,0
-28.716021289120466,2.008802939369526,0
-28.716021289120466,2.008802939369526,0
-28.716021289120466,2.008802939369526,0
-28.716021289120466,1.9897019734014012,0
-28.716021289120466,2.0183561264198113,0
-28.716021289120466,2.0183561264198113,0
-28.716021289120466,2.0183561264198113,0
-28.716021289120466,2.0183561264198113,0
-28.716021289120466,2.0183561264198113,0
-28.716021289120466,2.0183561264198113,0
-28.716021289120466,2.0183561264198113,0
-28.716021289120466,2.0183561264198113,0
-28.716021289120466,2.0183561264198113,0
-28.716021289120466,2.0183561264198113,0
-28.716021289120466,2.0183561264198113,0
-28.716021289120466,2.0183561264198113,0
-28.716021289120466,2.0183561264198113,0
-28.716021289120466,2.0183561264198113,0
-28.716021289120466,2.0183561264198113,0
-28.716021289120466,2.0183561264198113,0
-28.716021289120466,2.0183561264198113,0
-28.716021289120466,2.0183561264198113,0
-28.716021289120466,2.0183561264198113,0
-28.716021289120466,2.0183561264198113,0
-28.716021289120466,2.0183561264198113,0
-28.716021289120466,2.0183561264198113,0
-28.716021289120466,2.0183561264198113,0
-28.716021289120466,2.0183561264198113,0
-28.716021289120466,2.0183561264198113,0
-28.716021289120466,2.0183561264198113,0
-28.716021289120466,2.0183561264198113,0
-28.716021289120466,2.0183561264198113,0
-28.716021289120466,2.0183561264198113,0
-28.716021289120466,2.0183561264198113,0
-28.716021289120466,2.0183561264198113,0
-28.716021289120466,2.0183561264198113,0
-28.716021289120466,2.0183561264198113,0
-28.716021289120466,2.0183561264198113,0
-29.227675596128336,2.991166625993909,0
-29.227675596128336,2.991166625993909,0
-29.227675596128336,2.981425031493639,0
-29.227675596128336,2.981425031493639,0
-29.227675596128336,2.981425031493639,0
-28.971532223711296,3.0016803045344282,0
-28.971532223711296,3.0016803045344282,0
-28.971532223711296,3.0016803045344282,0
-28.971532223711296,3.0016803045344282,0
-28.971532223711296,3.0016803045344282,0
-28.971532223711296,3.0016803045344282,0
-28.971532223711296,3.0016803045344282,0
-28.971532223711296,3.0016803045344282,0
-28.971532223711296,3.0016803045344282,0
-28.971532223711296,3.0016803045344282,0
-28.971532223711296,3.0016803045344282,0
-28.971532223711296,3.0016803045344282,0
-28.971532223711296,3.0016803045344282,0
-28.971532223711296,3.0016803045344282,0
-28.971532223711296,2.9919372304904073,0
-28.971532223711296,2.9919372304904073,0
-28.971532223711296,2.9919372304904073,0
-28.971532223711296,2.9919372304904073,0
-28.971532223711296,2.9919372304904073,0
-28.971532223711296,2.9919372304904073,0
-28.971532223711296,2.9919372304904073,0
-28.971532223711296,2.9919372304904073,0
-28.971532223711296,2.9919372304904073,0
-28.971532223711296,2.9919372304904073,0
-28.971532223711296,2.9919372304904073,0
-28.971532223711296,2.9919372304904073,0
-28.971532223711296,2.9919372304904073,0
-28.971532223711296,2.9919372304904073,0
-28.971532223711296,3.011425292397634,0
-28.971532223711296,3.011425292397634,0
-28.971532223711296,3.011425292397634,0
-28.971532223711296,3.011425292397634,0
-28.971532223711296,3.011425292397634,0
-28.971532223711296,3.011425292397634,0
-28.971532223711296,3.011425292397634,0
-28.971532223711296,3.011425292397634,0
-28.971532223711296,3.011425292397634,0
-28.971532223711296,3.011425292397634,0
-28.971532223711296,3.011425292397634,0
-28.971532223711296,3.011425292397634,0
-28.971532223711296,3.011425292397634,0
-28.971532223711296,3.011425292397634,0
-28.971532223711296,3.011425292397634,0
-28.971532223711296,3.011425292397634,0
-28.971532223711296,3.011425292397634,0
-29.48446128370136,4.004275239763652,0
-29.48446128370136,4.004275239763652,0
-29.48446128370136,4.004275239763652,0
-29.48446128370136,4.004275239763652,0
-29.48446128370136,4.004275239763652,0
-29.48446128370136,4.004275239763652,0
-29.48446128370136,4.004275239763652,0
-29.48446128370136,4.004275239763652,0
-29.48446128370136,4.004275239763652,0
-29.48446128370136,4.004275239763652,0
-29.48446128370136,4.004275239763652,0
-29.48446128370136,4.004275239763652,0
-29.48446128370136,4.004275239763652,0
-29.48446128370136,4.004275239763652,0
-29.48446128370136,4.004275239763652,0
-29.48446128370136,4.004275239763652,0
-29.48446128370136,4.004275239763652,0
-29.48446128370136,4.004275239763652,0
-29.48446128370136,4.004275239763652,0
-29.48446128370136,4.004275239763652,0
-29.48446128370136,4.004275239763652,0
-29.48446128370136,4.004275239763652,0
-29.48446128370136,4.004275239763652,0
-29.48446128370136,4.004275239763652,0
-29.48446128370136,4.004275239763652,0
-29.48446128370136,4.004275239763652,0
-29.48446128370136,4.004275239763652,0
-29.48446128370136,3.994330025555464,0
-29.48446128370136,3.994330025555464,0
-29.48446128370136,3.994330025555464,0
-29.48446128370136,3.994330025555464,0
-29.48446128370136,3.994330025555464,0
-29.48446128370136,3.994330025555464,0
-29.48446128370136,3.994330025555464,0
-29.48446128370136,3.994330025555464,0
-29.48446128370136,3.994330025555464,0
-29.48446128370136,3.994330025555464,0
-29.48446128370136,3.994330025555464,0
-29.48446128370136,3.994330025555464,0
-29.48446128370136,3.994330025555464,0
-29.48446128370136,3.994330025555464,0
-29.48446128370136,3.994330025555464,0
-29.48446128370136,3.994330025555464,0
-29.48446128370136,3.994330025555464,0
-29.48446128370136,3.994330025555464,0
-29.48446128370136,3.994330025555464,0
-29.48446128370136,3.994330025555464,0
-29.48446128370136,3.994330025555464,0
-29.48446128370136,3.994330025555464,0
-29.48446128370136,3.994330025555464,0
-20.344027730694314,0.9937326676935235,0
-20.344027730694314,0.9937326676935235,0
-20.344027730694314,0.9937326676935235,0
-20.344027730694314,0.9937326676935235,0
-20.344027730694314,0.9937326676935235,0
-20.344027730694314,0.9937326676935235,0
-20.344027730694314,0.9937326676935235,0
-20.344027730694314,0.9937326676935235,0
-20.5829144100656,0.9930960910441672,0
-20.5829144100656,0.9930960910441672,0
-20.5829144100656,0.9930960910441672,0
-20.5829144100656,0.9930960910441672,0
-20.5829144100656,0.9930960910441672,0
-20.5829144100656,0.9930960910441672,0
-20.5829144100656,0.9930960910441672,0
-20.5829144100656,0.9930960910441672,0
-20.5829144100656,0.9930960910441672,0
-20.5829144100656,0.9930960910441672,0
-20.5829144100656,0.9930960910441672,0
-20.5829144100656,0.9930960910441672,0
-20.5829144100656,0.9930960910441672,0
-20.5829144100656,0.9930960910441672,0
-20.5829144100656,0.9930960910441672,0
-20.5829144100656,0.9930960910441672,0
-20.5829144100656,0.9930960910441672,0
-20.5829144100656,0.9930960910441672,0
-20.5829144100656,0.9930960910441672,0
-20.5829144100656,0.9930960910441672,0
-20.5829144100656,0.9930960910441672,0
-20.5829144100656,0.9930960910441672,0
-20.5829144100656,0.9930960910441672,0
-20.5829144100656,0.9930960910441672,0
-20.5829144100656,0.9930960910441672,0
-20.5829144100656,0.9930960910441672,0
-20.5829144100656,0.9930960910441672,0
-20.5829144100656,0.9930960910441672,0
-20.5829144100656,0.9930960910441672,0
-20.5829144100656,0.9930960910441672,0
-20.5829144100656,0.9930960910441672,0
-20.5829144100656,0.9930960910441672,0
-20.5829144100656,0.9930960910441672,0
-20.5829144100656,0.9930960910441672,0
-20.5829144100656,0.9930960910441672,0
-20.5829144100656,0.9930960910441672,0
-20.5829144100656,0.9930960910441672,0
-20.5829144100656,0.9930960910441672,0
-20.5829144100656,0.9930960910441672,0
-20.5829144100656,0.9930960910441672,0
-20.5829144100656,0.9930960910441672,0
-20.5829144100656,0.9930960910441672,0
-19.3921105549041,1.9964959875049135,0
-19.3921105549041,1.9964959875049135,0
-19.3921105549041,1.9964959875049135,0
-19.3921105549041,1.9964959875049135,0
-19.3921105549041,1.9964959875049135,0
-19.3921105549041,1.9964959875049135,0
-19.3921105549041,2.006026442122974,0
-19.3921105549041,2.006026442122974,0
-19.3921105549041,2.006026442122974,0
-19.3921105549041,2.006026442122974,0
-19.3921105549041,2.006026442122974,0
-19.3921105549041,2.006026442122974,0
-19.3921105549041,2.006026442122974,0
-19.3921105549041,1.9869673230994862,0
-19.3921105549041,1.9869673230994862,0
-19.3921105549041,1.9869673230994862,0
-19.3921105549041,1.9869673230994862,0
-19.392110554904097,2.0155586879630483,0
-19.392110554904097,2.0155586879630483,0
-19.392110554904097,2.0155586879630483,0
-19.392110554904097,2.0155586879630483,0
-19.392110554904097,2.0155586879630483,0
-19.155010073563737,1.9970632779873736,0
-19.155010073563737,1.9970632779873736,0
-19.155010073563737,1.9970632779873736,0
-19.155010073563737,1.9970632779873736,0
-19.155010073563737,1.9970632779873736,0
-19.155010073563737,1.9970632779873736,0
-19.155010073563737,1.9970632779873736,0
-19.155010073563737,1.9970632779873736,0
-19.155010073563737,1.9970632779873736,0
-19.155010073563737,1.9970632779873736,0
-19.155010073563737,1.9970632779873736,0
-19.155010073563737,1.9970632779873736,0
-19.155010073563737,1.9970632779873736,0
-19.155010073563737,1.9970632779873736,0
-19.155010073563737,1.9970632779873736,0
-19.155010073563737,1.9970632779873736,0
-19.155010073563737,1.9970632779873736,0
-19.155010073563737,1.9970632779873736,0
-19.155010073563737,1.9970632779873736,0
-19.155010073563737,1.9970632779873736,0
-19.155010073563737,1.9970632779873736,0
-19.155010073563737,1.9970632779873736,0
-19.155010073563737,1.9970632779873736,0
-19.155010073563737,1.9970632779873736,0
-19.155010073563737,2.006593321338072,0
-19.155010073563737,2.006593321338072,0
-19.155010073563737,2.006593321338072,0
-19.155010073563737,2.006593321338072,0
-19.629556913945443,2.996916918374746,0
-19.629556913945443,2.996916918374746,0
-19.629556913945443,2.996916918374746,0
-19.629556913945443,2.996916918374746,0
-19.629556913945443,2.996916918374746,0
-19.629556913945443,2.996916918374746,0
-19.629556913945446,3.006639686963503,0
-19.629556913945446,3.006639686963503,0
-19.629556913945443,2.9871960505459145,0
-19.629556913945443,2.9871960505459145,0
-19.629556913945443,3.0163643574277006,0
-19.629556913945443,3.0163643574277006,0
-19.629556913945443,3.0163643574277006,0
-19.629556913945443,3.0163643574277006,0
-19.629556913945443,2.977477082362582,0
-19.629556913945443,2.977477082362582,0
-19.3921105549041,2.9974455208413078,0
-19.3921105549041,2.9974455208413078,0
-19.3921105549041,2.9974455208413078,0
-19.3921105549041,2.9974455208413078,0
-19.3921105549041,2.9974455208413078,0
-19.3921105549041,2.9974455208413078,0
-19.3921105549041,2.9974455208413078,0
-19.3921105549041,2.9974455208413078,0
-19.3921105549041,2.9974455208413078,0
-19.3921105549041,2.9974455208413078,0
-19.3921105549041,2.9974455208413078,0
-19.3921105549041,2.9974455208413078,0
-19.3921105549041,2.9974455208413078,0
-19.3921105549041,2.9974455208413078,0
-19.3921105549041,2.9974455208413078,0
-19.3921105549041,2.9974455208413078,0
-19.3921105549041,2.9974455208413078,0
-19.3921105549041,2.9974455208413078,0
-19.3921105549041,2.9974455208413078,0
-19.3921105549041,2.9974455208413078,0
-19.3921105549041,2.9974455208413078,0
-19.3921105549041,2.9974455208413078,0
-19.3921105549041,2.9974455208413078,0
-19.3921105549041,2.9974455208413078,0
-19.3921105549041,2.9974455208413078,0
-19.3921105549041,2.9974455208413078,0
-19.3921105549041,2.9974455208413078,0
-19.3921105549041,2.9974455208413078,0
-19.3921105549041,2.9974455208413078,0
-19.3921105549041,2.9974455208413078,0
-19.3921105549041,2.9974455208413078,0
-19.3921105549041,2.9974455208413078,0
-19.3921105549041,2.9974455208413078,0
-19.3921105549041,2.9974455208413078,0
-19.629556913945443,3.9986323659250087,0
-19.629556913945443,3.9986323659250087,0
-19.629556913945443,3.9986323659250087,0
-19.629556913945443,3.9986323659250087,0
-19.629556913945443,3.9986323659250087,0
-19.629556913945443,4.008555071463236,0
-19.629556913945443,4.008555071463236,0
-19.629556913945443,4.008555071463236,0
-19.629556913945443,3.9887116808227416,0
-19.629556913945443,3.9887116808227416,0
-19.629556913945443,3.9887116808227416,0
-19.629556913945443,3.9887116808227416,0
-19.629556913945443,3.9887116808227416,0
-19.629556913945443,4.018479798671938,0
-19.629556913945443,4.018479798671938,0
-19.629556913945443,4.018479798671938,0
-19.629556913945443,4.018479798671938,0
-19.629556913945443,4.018479798671938,0
-19.629556913945443,4.018479798671938,0
-19.629556913945443,3.978793014923184,0
-19.629556913945443,3.978793014923184,0
-19.629556913945443,3.978793014923184,0
-19.629556913945443,3.978793014923184,0
-19.629556913945443,4.0284065487869025,0
-19.629556913945443,3.968876366994356,0
-19.629556913945443,3.968876366994356,0
-19.629556913945443,3.968876366994356,0
-19.629556913945443,3.968876366994356,0
-19.629556913945443,3.968876366994356,0
-19.3921105549041,3.9991150932669557,0
-19.3921105549041,3.9991150932669557,0
-19.3921105549041,3.9991150932669557,0
-19.3921105549041,3.9991150932669557,0
-19.3921105549041,3.9991150932669557,0
-19.3921105549041,3.9991150932669557,0
-19.3921105549041,3.9991150932669557,0
-19.3921105549041,3.9991150932669557,0
-19.3921105549041,3.9991150932669557,0
-19.3921105549041,3.9991150932669557,0
-19.3921105549041,3.9991150932669557,0
-19.3921105549041,3.9991150932669557,0
-19.3921105549041,3.9991150932669557,0
-19.3921105549041,3.9991150932669557,0
-19.3921105549041,3.9991150932669557,0
-19.3921105549041,3.9991150932669557,0
-19.3921105549041,3.9991150932669557,0
-19.3921105549041,3.9991150932669557,0
-19.3921105549041,3.9991150932669557,0
-19.3921105549041,3.9991150932669557,0
-19.3921105549041,3.9991150932669557,0
-10.351558098918115,1.0070139173764698,0
-10.351558098918115,1.0070139173764698,0
-10.579155995477752,0.9972578554713529,0
-10.579155995477752,0.9972578554713529,0
-10.579155995477752,0.9972578554713529,0
-10.579155995477752,0.9972578554713529,0
-10.579155995477752,0.9972578554713529,0
-10.579155995477752,0.9972578554713529,0
-10.579155995477752,0.9972578554713529,0
-10.579155995477752,0.9972578554713529,0
-10.579155995477752,0.9972578554713529,0
-10.579155995477752,1.0065856932909214,0
-10.579155995477752,1.0065856932909214,0
-10.579155995477752,1.0065856932909214,0
-10.579155995477752,1.0065856932909214,0
-10.579155995477752,1.0065856932909214,0
-10.579155995477752,1.0065856932909214,0
-10.579155995477752,1.0065856932909214,0
-10.579155995477752,1.0065856932909214,0
-10.579155995477752,1.0065856932909214,0
-10.579155995477752,1.0065856932909214,0
-10.579155995477752,1.0065856932909214,0
-10.579155995477752,1.0065856932909214,0
-10.579155995477752,1.0065856932909214,0
-10.579155995477752,1.0065856932909214,0
-10.579155995477752,1.0065856932909214,0
-10.579155995477752,1.0065856932909214,0
-10.579155995477752,1.0065856932909214,0
-10.579155995477752,1.0065856932909214,0
-10.351558098918115,0.9883607180704348,0
-10.806922874860343,0.9968248546260459,0
-10.806922874860343,0.9968248546260459,0
-10.806922874860343,0.9968248546260459,0
-10.806922874860343,0.9968248546260459,0
-10.806922874860343,0.9968248546260459,0
-10.806922874860343,0.9968248546260459,0
-10.806922874860343,0.9968248546260459,0
-10.806922874860343,0.9968248546260459,0
-10.806922874860343,0.9968248546260459,0
-10.806922874860343,0.9968248546260459,0
-10.806922874860343,0.9968248546260459,0
-10.806922874860343,0.9968248546260459,0
-10.806922874860343,0.9968248546260459,0
-10.806922874860343,0.9968248546260459,0
-10.806922874860343,0.9968248546260459,0
-10.806922874860343,0.9968248546260459,0
-10.806922874860343,0.9968248546260459,0
-10.806922874860343,0.9968248546260459,0
-10.806922874860343,0.9968248546260459,0
-10.806922874860343,0.9968248546260459,0
-9.896853442815875,1.996675641014851,0
-9.896853442815875,1.996675641014851,0
-9.896853442815875,1.996675641014851,0
-9.896853442815875,1.996675641014851,0
-9.896853442815875,1.996675641014851,0
-9.896853442815875,1.996675641014851,0
-9.896853442815875,1.996675641014851,0
-9.896853442815875,1.996675641014851,0
-9.896853442815875,1.996675641014851,0
-9.896853442815875,1.996675641014851,0
-9.896853442815875,1.996675641014851,0
-9.896853442815875,1.996675641014851,0
-9.896853442815875,1.996675641014851,0
-9.896853442815875,1.996675641014851,0
-9.896853442815875,1.996675641014851,0
-9.896853442815875,1.996675641014851,0
-9.896853442815875,1.996675641014851,0
-9.896853442815875,1.996675641014851,0
-9.896853442815875,1.996675641014851,0
-9.896853442815875,1.996675641014851,0
-9.896853442815875,1.996675641014851,0
-10.124125226137863,1.9962993485983096,0
-10.124125226137863,1.9962993485983096,0
-10.124125226137863,1.9962993485983096,0
-10.124125226137863,1.9962993485983096,0
-10.124125226137863,1.9962993485983096,0
-10.124125226137863,1.9962993485983096,0
-10.124125226137863,1.9962993485983096,0
-10.124125226137863,1.9962993485983096,0
-10.124125226137863,1.9962993485983096,0
-10.124125226137863,1.9962993485983096,0
-10.124125226137863,1.9962993485983096,0
-10.124125226137863,1.9962993485983096,0
-10.124125226137863,1.9962993485983096,0
-10.124125226137863,1.9962993485983096,0
-10.124125226137863,1.9962993485983096,0
-10.124125226137863,1.9962993485983096,0
-10.124125226137863,1.9962993485983096,0
-10.124125226137863,1.9962993485983096,0
-10.124125226137863,1.9962993485983096,0
-10.124125226137863,1.9962993485983096,0
-10.124125226137863,1.9962993485983096,0
-10.124125226137863,1.9962993485983096,0
-10.124125226137863,1.9962993485983096,0
-10.124125226137863,1.9962993485983096,0
-10.124125226137863,1.9962993485983096,0
-10.124125226137863,1.9962993485983096,0
-10.124125226137863,1.9962993485983096,0
-10.124125226137863,1.9962993485983096,0
-10.124125226137863,1.9962993485983096,0
-9.896853442815875,2.995412068184142,0
-9.896853442815875,2.995412068184142,0
-9.896853442815875,2.995412068184142,0
-9.896853442815875,2.995412068184142,0
-9.896853442815875,2.995412068184142,0
-9.896853442815875,2.995412068184142,0
-9.896853442815875,2.995412068184142,0
-9.896853442815875,2.995412068184142,0
-9.896853442815875,2.995412068184142,0
-9.896853442815875,2.995412068184142,0
-9.896853442815875,3.005112468797977,0
-9.896853442815875,3.005112468797977,0
-9.896853442815875,3.005112468797977,0
-9.896853442815875,3.005112468797977,0
-9.896853442815875,3.005112468797977,0
-9.896853442815875,3.005112468797977,0
-9.896853442815875,3.005112468797977,0
-10.124125226137863,3.004782026911308,0
-10.124125226137863,3.004782026911308,0
-10.124125226137863,3.004782026911308,0
-10.124125226137863,3.004782026911308,0
-10.124125226137863,3.004782026911308,0
-10.124125226137863,3.004782026911308,0
-10.124125226137863,3.004782026911308,0
-10.124125226137863,3.004782026911308,0
-10.124125226137863,3.004782026911308,0
-10.124125226137863,3.004782026911308,0
-10.124125226137863,3.004782026911308,0
-10.124125226137863,3.004782026911308,0
-10.124125226137863,3.004782026911308,0
-10.124125226137863,3.004782026911308,0
-10.124125226137863,3.004782026911308,0
-10.124125226137863,3.004782026911308,0
-10.124125226137863,3.004782026911308,0
-10.124125226137863,3.004782026911308,0
-10.124125226137863,3.004782026911308,0
-10.124125226137863,3.004782026911308,0
-10.124125226137863,3.004782026911308,0
-10.124125226137863,3.004782026911308,0
-10.124125226137863,3.004782026911308,0
-10.124125226137863,3.004782026911308,0
-10.124125226137863,3.004782026911308,0
-10.124125226137863,3.004782026911308,0
-10.124125226137863,3.004782026911308,0
-10.124125226137863,3.004782026911308,0
-10.124125226137863,3.004782026911308,0
-10.124125226137863,3.004782026911308,0
-10.124125226137863,2.9950811764126932,0
-10.124125226137863,2.9950811764126932,0
-10.124125226137863,2.9950811764126932,0
-9.896853442815873,4.004675169248086,0
-9.896853442815873,4.004675169248086,0
-9.896853442815873,4.004675169248086,0
-9.896853442815873,4.004675169248086,0
-9.896853442815873,4.004675169248086,0
-9.896853442815873,4.004675169248086,0
-9.896853442815873,4.004675169248086,0
-9.896853442815873,4.004675169248086,0
-9.896853442815873,4.004675169248086,0
-9.896853442815873,4.004675169248086,0
-9.896853442815873,4.004675169248086,0
-9.896853442815873,4.004675169248086,0
-9.896853442815873,4.004675169248086,0
-9.896853442815873,4.004675169248086,0
-9.896853442815873,4.004675169248086,0
-9.896853442815873,4.004675169248086,0
-9.896853442815873,4.004675169248086,0
-9.896853442815873,4.004675169248086,0
-9.896853442815873,4.004675169248086,0
-9.896853442815873,4.004675169248086,0
-9.896853442815873,4.004675169248086,0
-9.896853442815873,4.004675169248086,0
-9.896853442815873,4.004675169248086,0
-9.896853442815873,4.004675169248086,0
-9.896853442815873,4.004675169248086,0
-9.896853442815873,4.004675169248086,0
-9.896853442815873,4.004675169248086,0
-9.896853442815873,4.004675169248086,0
-9.896853442815873,4.004675169248086,0
-9.896853442815873,4.004675169248086,0
-9.896853442815873,4.004675169248086,0
-9.896853442815873,4.004675169248086,0
-9.896853442815873,4.004675169248086,0
-9.896853442815873,4.004675169248086,0
-9.896853442815873,4.004675169248086,0
-9.896853442815873,4.004675169248086,0
-9.896853442815873,4.004675169248086,0
-9.896853442815873,4.004675169248086,0
-9.896853442815873,4.004675169248086,0
-9.896853442815873,4.004675169248086,0
-9.896853442815873,4.004675169248086,0
-9.896853442815873,4.004675169248086,0
-9.896853442815875,3.994776236921142,0
-9.896853442815875,3.994776236921142,0
-9.896853442815875,3.994776236921142,0
-9.896853442815875,3.994776236921142,0
-9.896853442815875,3.994776236921142,0
-9.896853442815875,3.994776236921142,0
-9.896853442815875,3.994776236921142,0
-9.896853442815875,3.994776236921142,0
0.0,1.003596748660287,0
0.0,1.003596748660287,0
0.0,1.003596748660287,0
0.0,1.003596748660287,0
0.0,1.003596748660287,0
0.0,1.003596748660287,0
0.0,1.003596748660287,0
0.0,1.003596748660287,0
0.0,1.003596748660287,0
0.0,1.003596748660287,0
0.0,1.003596748660287,0
0.0,1.003596748660287,0
0.0,1.003596748660287,0
0.0,1.003596748660287,0
0.0,1.003596748660287,0
0.0,1.003596748660287,0
0.0,1.003596748660287,0
0.0,1.003596748660287,0
0.0,1.003596748660287,0
0.0,1.003596748660287,0
0.0,1.003596748660287,0
0.0,1.003596748660287,0
0.0,1.003596748660287,0
0.0,1.003596748660287,0
0.0,1.003596748660287,0
0.0,1.003596748660287,0
0.0,1.003596748660287,0
0.0,1.003596748660287,0
0.0,1.003596748660287,0
0.0,1.003596748660287,0
0.0,1.003596748660287,0
0.0,1.003596748660287,0
0.0,1.003596748660287,0
0.0,1.003596748660287,0
0.0,1.003596748660287,0
0.0,1.003596748660287,0
0.0,1.003596748660287,0
0.0,1.003596748660287,0
0.0,1.003596748660287,0
0.0,1.003596748660287,0
0.0,1.003596748660287,0
0.0,1.003596748660287,0
0.0,1.003596748660287,0
-0.22381220790931694,1.003355670210408,0
-0.22381220790931694,1.003355670210408,0
-0.22381220790931694,1.003355670210408,0
-0.22381220790931694,1.003355670210408,0
-0.22381220790931694,1.003355670210408,0
-0.22381220790931694,1.003355670210408,0
-0.22381220790931694,1.003355670210408,0
0.0,2.0,0
0.0,2.0,0
0.0,1.9995872248993507,0
0.0,1.9995872248993507,0
0.0,1.9995872248993507,0
0.22381220790931697,2.0,0
0.22381220790931697,2.0,0
0.22381220790931697,2.0,0
0.22381220790931697,2.0,0
0.22381220790931697,2.0,0
0.22381220790931697,1.9997781893501723,0
0.22381220790931697,1.9997781893501723,0
0.22381220790931697,1.9997781893501723,0
0.22381220790931697,1.9997781893501723,0
0.22381220790931697,1.9997781893501723,0
0.22381220790931697,1.9997781893501723,0
0.22381220790931697,1.9997781893501723,0
0.0,2.009076085599238,0
0.0,2.009076085599238,0
0.0,1.9901001310795532,0
0.0,1.9901001310795532,0
0.0,1.9901001310795532,0
0.0,1.9901001310795532,0
0.22381220790931697,2.00926660104039,0
0.22381220790931697,2.00926660104039,0
0.22381220790931697,2.00926660104039,0
0.22381220790931697,2.00926660104039,0
0.22381220790931697,2.00926660104039,0
0.22381220790931697,2.00926660104039,0
0.22381220790931697,2.00926660104039,0
0.22381220790931697,2.00926660104039,0
0.22381220790931697,2.00926660104039,0
0.22381220790931697,2.00926660104039,0
0.22381220790931697,2.00926660104039,0
0.22381220790931697,2.00926660104039,0
0.22381220790931694,1.9902915442892808,0
0.22381220790931694,1.9902915442892808,0
0.22381220790931694,1.9902915442892808,0
0.22381220790931694,1.9902915442892808,0
0.22381220790931694,1.9902915442892808,0
0.22381220790931694,1.9902915442892808,0
0.4476278310304714,1.9999651890722872,0
0.4476278310304714,1.9999651890722872,0
0.4476278310304714,1.9999651890722872,0
0.4476278310304714,1.9999651890722872,0
0.4476278310304714,1.9999651890722872,0
0.4476278310304714,1.9999651890722872,0
0.4476278310304714,2.0,0
0.4476278310304714,2.0,0
0.4476278310304714,2.0,0
0.0,3.0,0
0.0,2.9960817823264687,0
0.0,2.9960817823264687,0
-0.22381220790931697,3.00561352342806,0
0.0,2.9864054700711042,0
0.0,2.9864054700711042,0
-0.22381220790931694,2.9862580730847554,0
-0.22381220790931694,2.9862580730847554,0
0.0,2.976731031463002,0
0.0,2.976731031463002,0
0.0,2.976731031463002,0
0.0,2.976731031463002,0
0.0,2.976731031463002,0
0.0,2.976731031463002,0
-0.22381220790931697,2.9765831593429146,0
-0.22381220790931697,2.9765831593429146,0
-0.22381220790931697,2.9765831593429146,0
-0.22381220790931697,2.9765831593429146,0
-0.22381220790931697,2.9765831593429146,0
-0.22381220790931697,2.9765831593429146,0
-0.22381220790931697,2.9765831593429146,0
0.0,2.967058465414088,0
0.0,2.967058465414088,0
0.0,2.967058465414088,0
0.0,2.967058465414088,0
0.0,2.967058465414088,0
0.0,2.967058465414088,0
0.0,2.967058465414088,0
0.0,2.967058465414088,0
0.0,2.967058465414088,0
0.0,2.967058465414088,0
0.0,2.967058465414088,0
-0.22381220790931694,2.9669101184361417,0
-0.22381220790931694,2.9669101184361417,0
-0.22381220790931694,2.9669101184361417,0
-0.22381220790931694,2.9669101184361417,0
-0.22381220790931694,2.9669101184361417,0
-0.22381220790931694,2.9669101184361417,0
0.0,2.9573877708373417,0
0.0,2.9573877708373417,0
0.0,2.9573877708373417,0
0.0,2.9573877708373417,0
0.0,2.9573877708373417,0
0.0,2.9573877708373417,0
0.0,2.9573877708373417,0
0.0,2.9573877708373417,0
0.0,2.9573877708373417,0
0.0,2.9573877708373417,0
0.0,2.9573877708373417,0
0.0,2.9573877708373417,0
0.0,4.002986556767534,0
0.0,4.002986556767534,0
0.0,4.002986556767534,0
0.0,4.002986556767534,0
0.0,4.002986556767534,0
0.0,4.002986556767534,0
0.0,4.002986556767534,0
0.0,4.002986556767534,0
0.0,4.002986556767534,0
0.0,4.002986556767534,0
0.0,4.002986556767534,0
0.0,4.002986556767534,0
0.0,4.002986556767534,0
0.0,4.002986556767534,0
0.0,4.002986556767534,0
0.0,4.002986556767534,0
0.0,4.002986556767534,0
0.0,4.002986556767534,0
0.0,4.002986556767534,0
0.0,4.002986556767534,0
0.0,4.002986556767534,0
0.0,4.002986556767534,0
0.0,4.002986556767534,0
0.0,4.002986556767534,0
0.0,4.002986556767534,0
0.0,4.002986556767534,0
0.0,4.002986556767534,0
0.0,4.002986556767534,0
0.0,4.002986556767534,0
0.0,4.002986556767534,0
0.0,4.002986556767534,0
0.0,4.002986556767534,0
0.0,4.002986556767534,0
0.0,4.002986556767534,0
0.0,4.002986556767534,0
0.0,4.002986556767534,0
0.0,4.002986556767534,0
0.0,4.002986556767534,0
0.0,4.002986556767534,0
0.0,4.002986556767534,0
0.0,4.002986556767534,0
0.0,4.002986556767534,0
0.0,4.002986556767534,0
0.0,4.002986556767534,0
0.0,4.002986556767534,0
0.0,4.002986556767534,0
0.0,4.002986556767534,0
0.0,4.002986556767534,0
0.0,4.002986556767534,0
0.0,4.002986556767534,0
9.896853442815875,1.0010835596902308,0
9.896853442815875,1.0010835596902308,0
9.896853442815875,1.0010835596902308,0
9.896853442815875,1.0010835596902308,0
9.896853442815875,1.0010835596902308,0
9.896853442815875,1.0010835596902308,0
9.66973883867314,1.0010127435803924,0
9.66973883867314,1.0010127435803924,0
9.66973883867314,1.0010127435803924,0
9.66973883867314,1.0010127435803924,0
9.66973883867314,1.0010127435803924,0
9.66973883867314,1.0010127435803924,0
9.66973883867314,1.0010127435803924,0
9.66973883867314,1.0010127435803924,0
9.66973883867314,1.0010127435803924,0
9.66973883867314,1.0010127435803924,0
9.66973883867314,1.0010127435803924,0
9.66973883867314,1.0010127435803924,0
9.66973883867314,1.0010127435803924,0
9.66973883867314,1.0010127435803924,0
9.66973883867314,1.0010127435803924,0
9.66973883867314,1.0010127435803924,0
9.66973883867314,1.0010127435803924,0
9.896853442815873,0.9917993424586373,0
9.896853442815873,0.9917993424586373,0
9.896853442815873,0.9917993424586373,0
9.896853442815873,0.9917993424586373,0
9.896853442815873,0.9917993424586373,0
9.896853442815873,0.9917993424586373,0
9.896853442815873,0.9917993424586373,0
9.896853442815873,0.9917993424586373,0
9.896853442815873,0.9917993424586373,0
9.896853442815873,0.9917993424586373,0
10.124125226137863,0.9918666760510012,0
10.124125226137863,0.9918666760510012,0
9.442777526802823,1.0009379922608779,0
9.442777526802823,1.0009379922608779,0
9.442777526802823,1.0009379922608779,0
9.442777526802823,1.0009379922608779,0
9.442777526802823,1.0009379922608779,0
9.442777526802823,1.0009379922608779,0
9.442777526802823,1.0009379922608779,0
9.442777526802823,1.0009379922608779,0
9.442777526802823,1.0009379922608779,0
9.442777526802823,1.0009379922608779,0
9.442777526802823,1.0009379922608779,0
9.442777526802823,1.0009379922608779,0
9.442777526802823,1.0009379922608779,0
9.442777526802823,1.0009379922608779,0
9.442777526802823,1.0009379922608779,0
9.896853442815875,2.0042479912398146,0
9.896853442815875,2.0042479912398146,0
9.896853442815875,2.0042479912398146,0
9.896853442815875,2.0042479912398146,0
9.896853442815875,2.0042479912398146,0
9.896853442815875,2.0042479912398146,0
9.896853442815875,2.0042479912398146,0
9.896853442815875,2.0042479912398146,0
9.896853442815875,2.0042479912398146,0
9.896853442815875,2.0042479912398146,0
9.896853442815875,2.0042479912398146,0
9.896853442815875,2.0042479912398146,0
9.896853442815875,2.0042479912398146,0
9.896853442815875,2.0042479912398146,0
9.896853442815875,2.0042479912398146,0
9.896853442815875,2.0042479912398146,0
9.896853442815875,2.0042479912398146,0
9.896853442815875,2.0042479912398146,0
9.896853442815875,2.0042479912398146,0
9.896853442815875,2.0042479912398146,0
9.896853442815875,2.0042479912398146,0
9.896853442815875,2.0042479912398146,0
9.896853442815875,2.0042479912398146,0
9.896853442815875,2.0042479912398146,0
9.896853442815875,2.0042479912398146,0
9.896853442815875,2.0042479912398146,0
9.896853442815875,2.0042479912398146,0
9.896853442815875,2.0042479912398146,0
9.896853442815875,2.0042479912398146,0
9.896853442815875,2.0042479912398146,0
9.896853442815875,2.0042479912398146,0
10.124125226137863,2.0042642800744743,0
10.124125226137863,2.0042642800744743,0
10.124125226137863,2.0042642800744743,0
10.124125226137863,2.0042642800744743,0
10.124125226137863,2.0042642800744743,0
10.124125226137863,2.0042642800744743,0
9.896853442815873,1.9947814022180117,0
9.896853442815873,1.9947814022180117,0
9.896853442815873,1.9947814022180117,0
9.896853442815873,1.9947814022180117,0
9.896853442815873,1.9947814022180117,0
9.896853442815873,1.9947814022180117,0
9.896853442815873,1.9947814022180117,0
9.896853442815873,1.9947814022180117,0
9.896853442815873,1.9947814022180117,0
9.896853442815873,1.9947814022180117,0
9.896853442815873,1.9947814022180117,0
9.896853442815873,1.9947814022180117,0
9.896853442815873,1.9947814022180117,0
9.896853442815875,2.9985455566844332,0
9.896853442815875,3.008201977672296,0
9.896853442815875,2.988890997813891,0
9.896853442815875,2.988890997813891,0
9.669738838673142,2.9985772457292503,0
9.669738838673142,2.9985772457292503,0
9.669738838673144,3.0082341821309075,0
9.669738838673144,3.0082341821309075,0
9.669738838673144,2.9889221717430767,0
9.669738838673144,2.9889221717430767,0
9.669738838673144,2.9889221717430767,0
9.669738838673144,2.9889221717430767,0
9.669738838673144,2.9889221717430767,0
9.669738838673144,2.9889221717430767,0
9.669738838673144,2.9889221717430767,0
9.669738838673142,3.017892982026321,0
9.669738838673142,3.017892982026321,0
9.669738838673142,3.017892982026321,0
9.66973883867314,2.979268959095156,0
9.66973883867314,2.979268959095156,0
9.66973883867314,2.979268959095156,0
9.66973883867314,2.979268959095156,0
9.66973883867314,2.979268959095156,0
9.66973883867314,2.979268959095156,0
9.442777526802821,2.998604782153165,0
9.442777526802821,2.998604782153165,0
9.442777526802821,2.998604782153165,0
9.442777526802821,2.998604782153165,0
9.442777526802821,2.998604782153165,0
9.442777526802821,2.998604782153165,0
9.442777526802821,2.998604782153165,0
9.442777526802821,2.998604782153165,0
9.442777526802821,2.998604782153165,0
9.442777526802821,2.998604782153165,0
9.442777526802821,2.998604782153165,0
9.442777526802821,2.998604782153165,0
9.442777526802821,2.998604782153165,0
9.442777526802821,3.008262232878593,0
9.442777526802821,3.008262232878593,0
9.442777526802821,3.008262232878593,0
9.442777526802821,3.008262232878593,0
9.442777526802821,3.008262232878593,0
9.442777526802821,3.008262232878593,0
9.442777526802821,3.008262232878593,0
9.442777526802821,3.008262232878593,0
9.442777526802821,3.008262232878593,0
9.442777526802821,3.008262232878593,0
9.442777526802821,3.008262232878593,0
9.442777526802821,3.008262232878593,0
9.442777526802821,3.008262232878593,0
9.669738838673142,4.0032262478559595,0
9.669738838673142,3.9933734911612566,0
9.669738838673142,3.983522712502773,0
9.669738838673142,3.983522712502773,0
9.669738838673142,3.983522712502773,0
9.442777526802823,4.003308376666664,0
9.442777526802823,4.003308376666664,0
9.442777526802823,4.003308376666664,0
9.442777526802823,4.003308376666664,0
9.442777526802823,4.003308376666664,0
9.442777526802823,4.003308376666664,0
9.442777526802823,4.003308376666664,0
9.442777526802823,4.003308376666664,0
9.442777526802823,4.003308376666664,0
9.442777526802823,4.003308376666664,0
9.442777526802823,4.003308376666664,0
9.442777526802823,4.003308376666664,0
9.442777526802823,4.003308376666664,0
9.442777526802823,4.003308376666664,0
9.442777526802823,3.993455073709883,0
9.442777526802823,3.993455073709883,0
9.442777526802823,3.993455073709883,0
9.442777526802823,3.993455073709883,0
9.442777526802823,3.993455073709883,0
9.442777526802823,3.993455073709883,0
9.442777526802823,3.993455073709883,0
9.442777526802823,3.993455073709883,0
9.442777526802823,3.993455073709883,0
9.442777526802823,3.993455073709883,0
9.442777526802823,3.993455073709883,0
9.442777526802823,3.993455073709883,0
9.442777526802823,3.993455073709883,0
9.442777526802823,3.993455073709883,0
9.442777526802823,3.993455073709883,0
9.442777526802823,3.993455073709883,0
9.442777526802823,3.993455073709883,0
9.442777526802823,3.993455073709883,0
9.442777526802823,3.993455073709883,0
9.442777526802823,3.993455073709883,0
9.442777526802823,3.993455073709883,0
9.442777526802823,3.993455073709883,0
9.442777526802823,3.993455073709883,0
9.442777526802823,3.993455073709883,0
9.442777526802823,3.993455073709883,0
9.442777526802823,3.993455073709883,0
9.442777526802823,3.993455073709883,0
9.442777526802823,3.993455073709883,0
9.442777526802823,3.993455073709883,0
9.442777526802823,3.993455073709883,0
9.442777526802823,3.993455073709883,0
20.10550978791601,0.9908960256545267,0
20.10550978791601,1.0094235586366624,0
20.582914410065598,0.9999195099019526,0
20.582914410065598,0.9999195099019526,0
20.582914410065598,0.9999195099019526,0
20.582914410065598,0.9999195099019526,0
20.582914410065598,0.9999195099019526,0
20.582914410065598,0.9999195099019526,0
20.582914410065598,0.9999195099019526,0
20.582914410065598,0.9999195099019526,0
20.582914410065598,0.9999195099019526,0
20.582914410065598,0.9999195099019526,0
20.582914410065598,0.9999195099019526,0
20.582914410065598,0.9999195099019526,0
20.582914410065598,0.9999195099019526,0
20.344027730694314,1.0093055943256366,0
20.582914410065598,1.0091830708649294,0
20.582914410065598,1.0091830708649294,0
20.582914410065598,1.0091830708649294,0
20.582914410065598,1.0091830708649294,0
20.582914410065598,1.0091830708649294,0
20.582914410065598,1.0091830708649294,0
20.582914410065598,1.0091830708649294,0
20.582914410065598,0.990657592947703,0
20.582914410065598,0.990657592947703,0
20.582914410065598,0.990657592947703,0
20.582914410065598,0.990657592947703,0
20.582914410065598,0.990657592947703,0
20.582914410065598,0.990657592947703,0
20.582914410065598,0.990657592947703,0
20.582914410065598,0.990657592947703,0
20.582914410065598,0.990657592947703,0
20.582914410065598,0.990657592947703,0
20.82217571366891,0.999792920746956,0
20.82217571366891,0.999792920746956,0
20.82217571366891,0.999792920746956,0
20.82217571366891,0.999792920746956,0
20.82217571366891,0.999792920746956,0
20.82217571366891,0.999792920746956,0
20.82217571366891,0.999792920746956,0
20.82217571366891,0.999792920746956,0
20.82217571366891,0.999792920746956,0
20.82217571366891,0.999792920746956,0
20.82217571366891,0.999792920746956,0
20.82217571366891,0.999792920746956,0
20.82217571366891,0.999792920746956,0
20.82217571366891,0.999792920746956,0
20.82217571366891,0.999792920746956,0
20.82217571366891,0.999792920746956,0
20.82217571366891,0.999792920746956,0
20.10550978791601,2.000979424239725,0
20.10550978791601,2.000979424239725,0
20.10550978791601,2.000979424239725,0
20.10550978791601,2.000979424239725,0
20.10550978791601,2.000979424239725,0
20.10550978791601,2.000979424239725,0
20.10550978791601,2.000979424239725,0
20.10550978791601,2.000979424239725,0
20.10550978791601,2.000979424239725,0
20.10550978791601,2.000979424239725,0
20.10550978791601,2.000979424239725,0
20.10550978791601,1.9915353835511223,0
20.10550978791601,1.9915353835511223,0
20.10550978791601,1.9915353835511223,0
20.10550978791601,1.9915353835511223,0
20.10550978791601,1.9915353835511223,0
20.10550978791601,1.9915353835511223,0
20.10550978791601,1.9915353835511223,0
20.10550978791601,1.9915353835511223,0
20.10550978791601,1.9915353835511223,0
20.10550978791601,1.9915353835511223,0
19.867354764896017,1.9917040997821367,0
19.867354764896017,1.9917040997821367,0
19.867354764896017,1.9917040997821367,0
20.10550978791601,2.0104252078587126,0
20.10550978791601,2.0104252078587126,0
20.10550978791601,2.0104252078587126,0
20.10550978791601,2.0104252078587126,0
20.10550978791601,2.0104252078587126,0
20.10550978791601,2.0104252078587126,0
20.10550978791601,2.0104252078587126,0
20.10550978791601,2.0104252078587126,0
20.10550978791601,2.0104252078587126,0
20.10550978791601,2.0104252078587126,0
20.10550978791601,2.0104252078587126,0
20.10550978791601,2.0104252078587126,0
20.10550978791601,2.0104252078587126,0
20.10550978791601,2.0104252078587126,0
20.10550978791601,2.0104252078587126,0
20.10550978791601,2.0104252078587126,0
20.10550978791601,2.0104252078587126,0
20.10550978791601,2.0104252078587126,0
19.867354764896017,2.010595008311546,0
20.344027730694314,2.00080546588812,0
20.344027730694314,2.00080546588812,0
20.344027730694314,2.00080546588812,0
20.344027730694314,2.00080546588812,0
20.344027730694314,2.00080546588812,0
20.344027730694314,2.00080546588812,0
20.344027730694314,2.00080546588812,0
20.10550978791601,3.0024938660289906,0
20.10550978791601,3.0024938660289906,0
20.10550978791601,3.0024938660289906,0
20.10550978791601,3.0024938660289906,0
20.10550978791601,3.0024938660289906,0
20.10550978791601,3.0024938660289906,0
20.10550978791601,3.0024938660289906,0
20.10550978791601,3.0024938660289906,0
20.10550978791601,3.0024938660289906,0
20.10550978791601,3.0024938660289906,0
20.10550978791601,3.0024938660289906,0
20.10550978791601,3.0024938660289906,0
20.10550978791601,3.0024938660289906,0
20.10550978791601,3.0024938660289906,0
20.10550978791601,3.0024938660289906,0
20.10550978791601,3.0024938660289906,0
20.10550978791601,3.0024938660289906,0
20.10550978791601,3.0024938660289906,0
20.10550978791601,3.0024938660289906,0
19.867354764896014,3.0027217558011436,0
19.867354764896014,3.0027217558011436,0
19.867354764896014,3.0027217558011436,0
19.867354764896014,3.0027217558011436,0
19.867354764896014,3.0027217558011436,0
19.867354764896014,3.0027217558011436,0
19.867354764896014,3.0027217558011436,0
19.867354764896014,3.0027217558011436,0
19.867354764896014,3.0027217558011436,0
19.867354764896014,3.0027217558011436,0
19.867354764896014,3.0027217558011436,0
19.867354764896014,3.0027217558011436,0
19.867354764896014,3.0027217558011436,0
19.867354764896014,3.0027217558011436,0
19.867354764896014,3.0027217558011436,0
19.867354764896014,3.0027217558011436,0
19.867354764896014,3.0027217558011436,0
19.867354764896014,3.0027217558011436,0
19.867354764896014,3.0027217558011436,0
19.867354764896014,3.0027217558011436,0
19.867354764896014,3.0027217558011436,0
19.867354764896014,3.0027217558011436,0
19.867354764896014,3.0027217558011436,0
19.867354764896014,3.0027217558011436,0
19.867354764896014,3.0027217558011436,0
19.867354764896014,3.0027217558011436,0
19.867354764896014,3.0027217558011436,0
19.867354764896014,3.0027217558011436,0
19.867354764896014,3.0027217558011436,0
19.867354764896014,3.0027217558011436,0
19.867354764896014,3.0027217558011436,0
20.10550978791601,4.004744741210375,0
20.10550978791601,4.004744741210375,0
20.10550978791601,4.004744741210375,0
20.10550978791601,4.004744741210375,0
20.10550978791601,4.004744741210375,0
20.10550978791601,4.004744741210375,0
20.10550978791601,4.004744741210375,0
20.10550978791601,4.004744741210375,0
20.10550978791601,4.004744741210375,0
20.10550978791601,4.004744741210375,0
20.10550978791601,4.004744741210375,0
20.10550978791601,4.004744741210375,0
20.10550978791601,4.004744741210375,0
20.10550978791601,4.004744741210375,0
20.10550978791601,4.004744741210375,0
20.10550978791601,4.004744741210375,0
20.10550978791601,4.004744741210375,0
20.10550978791601,4.004744741210375,0
20.10550978791601,3.9949159777280916,0
20.10550978791601,3.9949159777280916,0
20.10550978791601,3.9949159777280916,0
20.10550978791601,3.9949159777280916,0
20.10550978791601,3.9949159777280916,0
20.10550978791601,3.9949159777280916,0
20.10550978791601,3.9949159777280916,0
20.10550978791601,3.9949159777280916,0
20.10550978791601,3.9949159777280916,0
20.10550978791601,3.9949159777280916,0
20.10550978791601,3.9949159777280916,0
20.10550978791601,3.9949159777280916,0
20.10550978791601,3.9949159777280916,0
20.10550978791601,3.9949159777280916,0
20.10550978791601,3.9949159777280916,0
20.10550978791601,3.9949159777280916,0
20.10550978791601,3.9949159777280916,0
20.10550978791601,3.9949159777280916,0
20.10550978791601,3.9949159777280916,0
20.10550978791601,3.9949159777280916,0
20.10550978791601,3.9949159777280916,0
19.867354764896017,3.9952043217873623,0
19.867354764896017,3.9952043217873623,0
19.867354764896017,3.9952043217873623,0
19.867354764896017,3.9952043217873623,0
19.867354764896017,3.9952043217873623,0
19.867354764896017,3.9952043217873623,0
19.867354764896017,3.9952043217873623,0
19.867354764896017,3.9952043217873623,0
19.867354764896017,3.9952043217873623,0
19.867354764896017,3.9952043217873623,0
19.867354764896017,3.9952043217873623,0
29.999999999999993,1.0008715301071862,0
29.999999999999993,1.0008715301071862,0
29.999999999999993,1.0008715301071862,0
29.999999999999993,1.0008715301071862,0
29.999999999999993,1.0008715301071862,0
29.999999999999993,1.0008715301071862,0
29.999999999999993,1.0008715301071862,0
29.999999999999993,1.0008715301071862,0
29.999999999999993,1.0008715301071862,0
29.999999999999993,1.0008715301071862,0
30.258773684841763,1.0005474952892803,0
30.258773684841763,1.0005474952892803,0
30.258773684841763,1.0005474952892803,0
29.741899340038778,1.0011896377572371,0
29.741899340038778,1.0011896377572371,0
29.741899340038778,1.0011896377572371,0
29.741899340038778,1.0011896377572371,0
29.741899340038778,1.0011896377572371,0
29.741899340038778,1.0011896377572371,0
29.741899340038778,1.0011896377572371,0
29.741899340038778,1.0011896377572371,0
29.741899340038778,1.0011896377572371,0
29.741899340038778,1.0011896377572371,0
29.741899340038778,1.0011896377572371,0
29.741899340038778,1.0011896377572371,0
29.741899340038778,1.0011896377572371,0
29.741899340038778,1.0011896377572371,0
29.741899340038778,1.0011896377572371,0
29.741899340038778,1.0011896377572371,0
29.741899340038778,1.0011896377572371,0
29.741899340038778,1.0011896377572371,0
29.741899340038778,1.0011896377572371,0
29.741899340038778,1.0011896377572371,0
29.741899340038778,1.0011896377572371,0
29.741899340038778,1.0011896377572371,0
29.741899340038778,1.0011896377572371,0
29.741899340038778,1.0011896377572371,0
29.741899340038778,1.0011896377572371,0
29.741899340038778,1.0011896377572371,0
29.741899340038778,1.0011896377572371,0
29.741899340038778,1.0011896377572371,0
29.741899340038778,1.0011896377572371,0
29.741899340038778,1.0011896377572371,0
29.741899340038778,1.0011896377572371,0
29.741899340038778,1.0011896377572371,0
29.741899340038778,1.0011896377572371,0
29.741899340038778,1.0011896377572371,0
29.741899340038778,1.0011896377572371,0
29.741899340038778,1.0011896377572371,0
29.741899340038778,1.0011896377572371,0
29.999999999999996,2.0,0
29.999999999999996,1.999461985030275,0
29.999999999999996,1.999461985030275,0
29.999999999999996,1.999461985030275,0
29.999999999999996,1.999461985030275,0
29.999999999999996,1.999461985030275,0
29.999999999999996,1.999461985030275,0
29.999999999999996,1.999461985030275,0
29.999999999999996,1.999461985030275,0
29.999999999999996,1.999461985030275,0
29.999999999999996,1.999461985030275,0
29.999999999999996,1.999461985030275,0
29.999999999999996,1.999461985030275,0
29.999999999999996,1.999461985030275,0
29.999999999999996,1.999461985030275,0
29.999999999999996,1.999461985030275,0
29.999999999999996,1.999461985030275,0
29.999999999999996,1.999461985030275,0
29.999999999999996,1.999461985030275,0
29.999999999999996,1.999461985030275,0
29.999999999999996,1.999461985030275,0
29.999999999999996,1.999461985030275,0
29.999999999999996,1.999461985030275,0
29.999999999999996,1.999461985030275,0
29.999999999999996,1.999461985030275,0
29.999999999999996,1.999461985030275,0
29.999999999999996,1.999461985030275,0
29.999999999999996,1.999461985030275,0
29.999999999999996,1.999461985030275,0
29.999999999999996,1.999461985030275,0
29.999999999999996,1.999461985030275,0
29.999999999999996,1.999461985030275,0
29.999999999999996,1.999461985030275,0
29.999999999999996,1.999461985030275,0
29.999999999999996,1.999461985030275,0
29.999999999999996,1.999461985030275,0
29.999999999999996,1.999461985030275,0
29.999999999999996,1.999461985030275,0
29.999999999999996,1.999461985030275,0
29.999999999999996,1.999461985030275,0
29.999999999999996,1.999461985030275,0
29.999999999999996,1.999461985030275,0
29.999999999999996,1.999461985030275,0
29.999999999999996,1.999461985030275,0
29.999999999999996,1.999461985030275,0
29.999999999999996,1.999461985030275,0
29.999999999999996,1.999461985030275,0
29.999999999999996,1.999461985030275,0
29.999999999999996,1.999461985030275,0
29.999999999999996,1.999461985030275,0
29.999999999999993,2.998656140969696,0
29.999999999999993,2.998656140969696,0
29.999999999999993,2.998656140969696,0
29.999999999999993,2.998656140969696,0
29.999999999999993,2.998656140969696,0
29.999999999999993,2.998656140969696,0
29.999999999999993,2.998656140969696,0
29.999999999999993,2.998656140969696,0
29.999999999999993,2.998656140969696,0
29.999999999999993,2.998656140969696,0
29.999999999999993,2.998656140969696,0
29.999999999999993,2.998656140969696,0
29.999999999999993,2.998656140969696,0
29.999999999999996,3.0082677141314176,0
29.999999999999996,3.0082677141314176,0
29.999999999999996,3.0082677141314176,0
29.999999999999996,3.0082677141314176,0
29.999999999999996,3.0082677141314176,0
29.999999999999996,3.0082677141314176,0
29.999999999999996,3.0082677141314176,0
29.999999999999996,3.0082677141314176,0
29.999999999999996,3.0082677141314176,0
29.999999999999996,3.0082677141314176,0
29.999999999999996,3.0082677141314176,0
29.999999999999996,3.0082677141314176,0
29.999999999999996,3.0082677141314176,0
29.999999999999996,3.0082677141314176,0
29.999999999999996,3.0082677141314176,0
29.999999999999996,3.0082677141314176,0
29.999999999999996,3.0082677141314176,0
29.999999999999996,3.0082677141314176,0
29.999999999999996,3.0082677141314176,0
29.999999999999996,3.0082677141314176,0
29.999999999999996,3.0082677141314176,0
29.999999999999996,3.0082677141314176,0
29.999999999999996,3.0082677141314176,0
29.999999999999996,2.989046404101482,0
29.999999999999996,2.989046404101482,0
29.999999999999996,2.989046404101482,0
29.999999999999996,2.989046404101482,0
29.999999999999996,2.989046404101482,0
29.999999999999996,2.989046404101482,0
29.999999999999996,2.989046404101482,0
29.999999999999996,2.989046404101482,0
29.741899340038778,2.999106050905427,0
29.741899340038778,2.999106050905427,0
29.741899340038778,2.999106050905427,0
29.741899340038778,2.999106050905427,0
29.741899340038778,2.999106050905427,0
29.741899340038778,2.999106050905427,0
29.999999999999996,3.9984907757326646,0
29.999999999999996,3.9984907757326646,0
29.999999999999996,3.9984907757326646,0
29.999999999999996,3.9984907757326646,0
29.999999999999996,3.9984907757326646,0
29.999999999999996,3.9984907757326646,0
29.999999999999996,3.9984907757326646,0
29.999999999999996,3.9984907757326646,0
29.999999999999996,3.9984907757326646,0
29.999999999999996,3.9984907757326646,0
29.999999999999996,3.9984907757326646,0
29.999999999999996,3.9984907757326646,0
29.999999999999996,3.9984907757326646,0
29.999999999999996,3.9984907757326646,0
29.999999999999996,3.9984907757326646,0
29.999999999999996,3.9984907757326646,0
29.999999999999996,3.9984907757326646,0
29.999999999999996,3.9984907757326646,0
29.999999999999996,3.9984907757326646,0
29.999999999999996,3.9984907757326646,0
29.999999999999996,3.9984907757326646,0
29.999999999999996,3.9984907757326646,0
29.999999999999996,3.9984907757326646,0
29.999999999999996,3.9984907757326646,0
29.999999999999996,4.008297317814721,0
29.999999999999996,4.008297317814721,0
29.999999999999996,4.008297317814721,0
29.999999999999996,4.008297317814721,0
29.999999999999996,4.008297317814721,0
29.999999999999996,4.008297317814721,0
29.999999999999996,4.008297317814721,0
29.999999999999996,4.008297317814721,0
29.999999999999996,4.008297317814721,0
29.999999999999996,4.008297317814721,0
29.999999999999996,4.008297317814721,0
29.999999999999996,4.008297317814721,0
29.999999999999996,4.008297317814721,0
29.999999999999996,4.008297317814721,0
29.999999999999996,4.008297317814721,0
29.999999999999996,4.008297317814721,0
29.999999999999996,4.008297317814721,0
29.999999999999996,4.008297317814721,0
29.999999999999996,4.008297317814721,0
29.999999999999996,4.008297317814721,0
29.999999999999996,4.008297317814721,0
29.999999999999996,4.008297317814721,0
29.999999999999996,4.008297317814721,0
29.999999999999996,4.008297317814721,0
29.999999999999996,4.008297317814721,0
29.999999999999996,4.008297317814721,0
40.13053929835095,1.0028274610782388,0
40.13053929835095,1.0028274610782388,0
40.13053929835095,1.0028274610782388,0
40.13053929835095,1.0028274610782388,0
40.13053929835095,1.0028274610782388,0
40.13053929835095,1.0028274610782388,0
40.13053929835095,1.0028274610782388,0
39.838439976999084,1.0034132202743897,0
39.838439976999084,1.0034132202743897,0
39.83843997699909,0.9941902340387194,0
39.83843997699909,0.9941902340387194,0
40.13053929835096,0.9936051752636677,0
40.13053929835096,0.9936051752636677,0
40.42389940146197,1.002232675840586,0
40.42389940146197,1.002232675840586,0
40.42389940146197,1.002232675840586,0
40.42389940146197,1.002232675840586,0
40.42389940146197,1.002232675840586,0
40.42389940146197,1.002232675840586,0
40.42389940146197,1.002232675840586,0
40.42389940146197,1.002232675840586,0
40.42389940146197,1.002232675840586,0
40.42389940146197,1.002232675840586,0
40.42389940146197,1.002232675840586,0
40.42389940146197,1.002232675840586,0
40.42389940146197,1.002232675840586,0
40.42389940146197,1.002232675840586,0
40.42389940146197,1.002232675840586,0
40.42389940146197,1.002232675840586,0
40.42389940146197,1.002232675840586,0
40.42389940146197,1.002232675840586,0
40.42389940146197,1.002232675840586,0
40.42389940146197,1.002232675840586,0
40.42389940146197,1.002232675840586,0
40.42389940146197,1.002232675840586,0
40.42389940146197,1.002232675840586,0
40.42389940146197,1.002232675840586,0
40.42389940146197,1.002232675840586,0
39.54757782460242,1.0039900821342744,0
39.54757782460242,1.0039900821342744,0
40.42389940146197,0.9930110945062709,0
40.42389940146197,0.9930110945062709,0
40.42389940146197,0.9930110945062709,0
40.42389940146197,0.9930110945062709,0
40.42389940146197,0.9930110945062709,0
40.42389940146197,0.9930110945062709,0
40.42389940146197,0.9930110945062709,0
40.42389940146197,0.9930110945062709,0
40.42389940146197,0.9930110945062709,0
40.42389940146197,0.9930110945062709,0
40.42389940146197,1.9984964657891628,0
40.42389940146197,1.9984964657891628,0
40.42389940146198,2.007898400310614,0
40.42389940146197,1.9890962500430442,0
40.42389940146197,1.9890962500430442,0
40.42389940146197,1.9796977521299832,0
40.42389940146197,1.9796977521299832,0
40.718544546292016,1.9978144698898,0
40.718544546292016,1.9978144698898,0
40.718544546292016,1.9978144698898,0
40.718544546292016,1.9978144698898,0
40.718544546292016,1.9978144698898,0
40.718544546292016,2.0072156534122287,0
40.718544546292016,2.0072156534122287,0
40.718544546292016,2.0072156534122287,0
40.718544546292016,2.0072156534122287,0
40.718544546292016,1.9884150047309632,0
40.718544546292016,1.9884150047309632,0
40.718544546292016,1.9884150047309632,0
40.71854454629202,2.0166185562410064,0
40.718544546292016,1.9790172569938211,0
40.718544546292016,1.9790172569938211,0
40.718544546292016,1.9790172569938211,0
40.42389940146198,1.9703009711085693,0
41.01449966573052,1.9971227165398306,0
41.01449966573052,1.9971227165398306,0
41.01449966573052,1.9971227165398306,0
41.01449966573052,1.9971227165398306,0
41.01449966573052,1.9971227165398306,0
41.01449966573052,1.9971227165398306,0
41.01449966573052,1.9971227165398306,0
41.01449966573052,1.9971227165398306,0
41.01449966573052,1.9971227165398306,0
41.01449966573052,1.9971227165398306,0
41.01449966573051,2.006523144615571,0
41.01449966573051,2.006523144615571,0
41.01449966573051,2.006523144615571,0
41.01449966573051,2.006523144615571,0
41.01449966573051,2.006523144615571,0
41.01449966573051,2.006523144615571,0
41.01449966573051,2.006523144615571,0
40.718544546292016,2.026023179319754,0
41.01449966573052,1.9877240064135702,0
41.01449966573052,1.9877240064135702,0
41.01449966573052,1.9877240064135702,0
41.01449966573052,1.9877240064135702,0
41.01449966573052,1.9877240064135702,0
41.01449966573052,1.9877240064135702,0
41.01449966573052,1.9877240064135702,0
41.01449966573052,1.9877240064135702,0
40.13053929835095,2.9960235026529305,0
40.42389940146197,2.9952704131797674,0
40.42389940146197,2.9952704131797674,0
40.42389940146197,2.9952704131797674,0
40.42389940146197,3.004858240687444,0
40.42389940146197,3.004858240687444,0
40.42389940146197,3.004858240687444,0
40.42389940146197,2.9856844083884737,0
40.42389940146197,2.9856844083884737,0
40.42389940146197,2.9856844083884737,0
40.42389940146197,2.9856844083884737,0
40.42389940146197,2.9856844083884737,0
40.42389940146197,2.9856844083884737,0
40.42389940146197,2.9856844083884737,0
40.42389940146197,2.9856844083884737,0
40.42389940146197,3.0144478919517885,0
40.42389940146198,2.9761002252742617,0
40.42389940146198,2.9761002252742617,0
40.42389940146198,2.9761002252742617,0
40.42389940146198,2.9761002252742617,0
40.42389940146198,2.9761002252742617,0
40.42389940146198,2.9761002252742617,0
40.42389940146198,2.9761002252742617,0
40.42389940146198,2.9761002252742617,0
40.42389940146198,2.9761002252742617,0
40.42389940146198,2.9761002252742617,0
40.42389940146198,2.9761002252742617,0
40.42389940146197,3.0240393680140816,0
40.718544546292016,3.004094269687417,0
40.718544546292016,3.004094269687417,0
40.718544546292016,3.004094269687417,0
40.718544546292016,3.004094269687417,0
40.718544546292016,3.004094269687417,0
40.718544546292016,3.004094269687417,0
40.718544546292016,3.004094269687417,0
40.718544546292016,3.004094269687417,0
40.718544546292016,3.004094269687417,0
40.718544546292016,3.004094269687417,0
40.718544546292016,3.004094269687417,0
40.718544546292016,3.004094269687417,0
40.718544546292016,3.004094269687417,0
40.718544546292016,3.004094269687417,0
40.718544546292016,3.004094269687417,0
40.718544546292016,2.9945072385954585,0
40.718544546292016,2.9945072385954585,0
40.718544546292016,2.9945072385954585,0
40.718544546292016,2.9945072385954585,0
40.718544546292016,2.9945072385954585,0
40.718544546292016,2.9945072385954585,0
40.718544546292016,2.9945072385954585,0
40.42389940146198,4.002366815133649,0
40.42389940146198,4.002366815133649,0
40.42389940146198,4.002366815133649,0
40.42389940146198,4.002366815133649,0
40.42389940146198,3.9925854896466255,0
40.42389940146197,3.9828060994648515,0
40.42389940146197,4.031722414926839,0
40.718544546292016,4.001518296865782,0
40.718544546292016,4.001518296865782,0
40.718544546292016,4.001518296865782,0
40.718544546292016,4.001518296865782,0
40.718544546292016,4.001518296865782,0
40.718544546292016,4.001518296865782,0
40.718544546292016,4.001518296865782,0
40.718544546292016,4.001518296865782,0
40.718544546292016,4.001518296865782,0
40.718544546292016,4.001518296865782,0
40.718544546292016,4.001518296865782,0
40.718544546292016,4.001518296865782,0
40.718544546292016,4.001518296865782,0
40.718544546292016,4.001518296865782,0
40.718544546292016,4.001518296865782,0
40.718544546292016,4.001518296865782,0
40.718544546292016,4.001518296865782,0
40.718544546292016,4.001518296865782,0
40.718544546292016,4.001518296865782,0
40.718544546292016,4.001518296865782,0
40.718544546292016,4.001518296865782,0
40.718544546292016,4.001518296865782,0
40.718544546292016,4.001518296865782,0
40.718544546292016,4.001518296865782,0
40.718544546292016,4.001518296865782,0
40.718544546292016,4.001518296865782,0
40.718544546292016,4.001518296865782,0
40.718544546292016,4.001518296865782,0
40.718544546292016,4.001518296865782,0
40.718544546292016,3.99173781699736,0
40.718544546292016,3.99173781699736,0
40.718544546292016,3.99173781699736,0
40.718544546292016,3.99173781699736,0
40.718544546292016,3.99173781699736,0
40.718544546292016,3.99173781699736,0
40.718544546292016,3.99173781699736,0
40.718544546292016,3.99173781699736,0
40.718544546292016,3.99173781699736,0
40.718544546292016,3.99173781699736,0
40.718544546292016,3.99173781699736,0
40.718544546292016,3.99173781699736,0
40.718544546292016,3.99173781699736,0
40.718544546292016,3.99173781699736,0
