complex_small_real,complex_small_imag,complex_large_real,complex_large_imag
1838.0908158158,2745.06559087421,6188.49550902114,-4734.08717760479
2231.76999772106,2692.53657294906,-1516.6265034714,7207.70697077681
-9.20991713279741,-5863.54919665343,-4259.45850127357,2599.03710970929
2116.38421387512,2880.31847762992,-6214.93135067682,5567.47671015993
-3454.1027851029,743.655121599359,7013.9811713979,2771.25555735596
3193.26264750654,421.108621639716,6312.65034724861,3257.16841414575
2800.84935212278,-2320.16153107415,6690.26443503061,6379.69905989768
-1307.46951219512,-2806.15456588889,1266.9137617232,7438.5753462972
1787.40900165808,3317.74283371838,-6838.94038711791,5766.75879066623
-2835.83715685429,1418.29627691086,-2052.36150867237,-7405.29409773478
611.72216796875,1922.26185389636,5178.12418055771,5647.55992256387
-594.306539183624,-3666.55927730139,2720.2571188339,-7056.64219866201
-6260.8274604503,-3827.63931770669,2198.88301106567,-2824.61171855536
-1236.11834974692,-3860.67125263167,-3994.47537113689,6736.3316369283
-262.530089528937,3826.59194540535,-1818.91058014277,7192.98594917231
-2859.39755526157,-794.078643322569,5745.55272177989,-4985.01533484391
3671.29570501175,-2176.37108119386,-5706.22611084078,-6526.96845397798
2117.00510176729,-3267.26678945866,-801.014436497902,-7674.30802779093
-2758.46623624663,1814.59503794554,-5962.96421444456,-5885.89696114962
-28.4977475435306,-3468.31858676238,2627.6511467909,-6792.89539724527
39.7086878855509,-4098.57047830174,3716.66517646535,-6993.8246728136
2005.87768743429,-2930.33842381695,-7320.2955868992,-2927.57270211727
1119.23108608518,2279.30785567492,-7366.04508331996,663.892397018432
6667.92282474623,-1608.48693543999,-1787.11410576487,-4039.69336214682
2186.1128740588,2628.63687570944,-3319.514732669,6146.78362776741
350.422173946024,6722.76987255216,4482.40773539327,-1346.32930695208
-2438.84844690763,2666.36431620381,-4351.54920747721,-6962.59382448024
-1660.78551101947,-700.334238341553,-7205.87974446366,-5153.09259406991
115.351010656064,3977.45321926011,2719.44122070474,-7770.47826705995
1796.54254434275,-3165.49423178807,5577.62005551331,5370.55144364729
6457.38490975947,2952.88908977206,3255.58023223604,-1626.41500514312
-2360.27903827519,2926.94510094038,-2398.13075357629,-7292.65237945406
-3296.08014605627,6619.74691506171,3587.74025008346,-3755.53529171008
3712.14082868189,306,229.03890330059,-7443.6114065697
-324.392518351615,3145.25507234097,-4512,6205
3555,-772,6975.77540296083,2840.53255460391
5629.07419621669,4683.20243913618,-1602.48626537718,3357.36015019839
2951.24309970087,-2140.3434716784,6881.45884873033,4388.11328909425
-1286.49543530008,3274.20707070181,3209.7979841009,7077.13766340092
-2670,-2062,6996.24929082754,-2039.17268487284
3839.51147809289,-712.363586425781,-6646.05262202104,-4520.98479242578
3284.68730320461,-2658.54489582968,5564.81762696993,7037.57896781943
85.7299618320611,-4532.74050303726,-7058.17875115326,2155.55227537902
2538.66542162326,1116.38314790815,2172.53595111674,6864.52443132512
2120.28502446562,1091.11292080264,-4669.78568914268,-6141.1092663564
-125.159980773926,4057.33206992173,-2996.62648910486,7141.20477300636
-103.77574496904,-3591.16909929091,7665.69497883705,3718.05255885298
-2392.47053552082,1715.91215875884,1142.8732943921,7111.77166017115
3277.3641916591,-2762.9577316036,5513.25479107884,6845.72876498892
-2595.83592756549,-283.306891145774,-6916.70269814575,-425.315166233818
3166.62406511752,596.754093227897,-7362.88116992621,-6036.70285056698
-735.159920212766,2176.02355265196,5053.88943464367,-7372.6537892081
114.189237348539,3093.48625191063,-883.052910095894,-7785.87497118565
-2589.46729401025,2190.3005936994,-6698.18444740381,-6375.17542096621
-302.866460218603,3178.51968864381,-2256.92554817874,7018.96699735157
-1396.98668977514,-2218.44472428877,7336,-5228
-2862.13082356714,2106.12080450984,-3820.80214558694,-7111.02338933749
-1594.22524895244,4008.33978791648,-7568.12397723579,-2576.88998835473
-2100.72091947183,-2629.2290375016,6662.70299361301,-4289.60174104309
3209.45272788866,369.652435302734,7076.04883928497,6137.98619129516
-3424.89946567904,1218.0720953249,-6682.21214692251,-5432.30817633406
-662.762774902976,-3449.49818073004,2644.68519994969,-7170.80378909356
-120.137001037598,-3540.46068884088,7032.01916985138,-5973.44944830924
-2515.75532138818,783.49853515625,6945.69629362264,-1694.93239122586
-459.010389196818,-2103.0647241929,-8176.71624239634,1747.92521642503
1510.21171172415,-3480.96993264913,-872.888539676583,7005.39417418993
625.078195435263,-3920.39498079228,6612.41136383,5338.33580241057
1754.29208257841,2920.45837762814,-4814.16384109009,6083.65771602411
-1009.22281646729,3719.24037974069,-1091.73130115399,-8154.85977082345
-2389.40921930285,-256.913286713287,-7299.21255199724,-4496.37003180775
-247.691685267857,-3978.54357110991,3174.831662136,-7168.63432880066
3288.2286846979,-533.694828408987,7057.29241654746,2929.60165496679
194.76318359375,-3164.8647913503,-1285.98491902488,-7199.50255319727
935.641662597656,4153.58965425666,3915.83940686777,-6876.97065549278
3734.15068993704,269.475833791934,7237.45255952363,3437.15116316749
-409.044156185224,5886.06670386536,-3633.47150026742,171.286439370657
-2613.33966718051,-599.06789151319,-6280.02991341334,-4005.49688169567
3316.87306386202,-356.761631324643,7077.72248672513,3136.97837316467
-2777.59880794089,1038.97378791424,-6264.28536116459,-6761.05894389546
2916.18332732938,-3036.34876148292,5551.98610191184,6471.61727710113
-1566.03716333111,-1946.45205315586,6588.69752951571,3709.98638271143
2738.84039739751,-1373.13475172786,-4078.75396823128,-7160.56051952971
-6846.19908569374,1740.1359681815,-2368.44980439247,-3888.96930443767
3590.73399341112,-1018.43310546875,6053.73002834342,6019.72281434755
-2806.7476251301,1002.40620820712,-2617.15873158013,7262.49936703895
2140.5620892546,1429.14863448771,7025.70119320435,1972.3446914028
2668.83271524124,6865.86089449559,1117.15908998432,2986.25759604369
2460.62540093723,-1590.10325106222,2327.2701630945,-7673.88303402004
-6925.30902702093,-3945.80745418939,NaN,NaN
339.70703125,-2865.00810824181,-4960.68103553413,-6321.27298565089
233.252075195312,4727.34491243066,3359.38435911543,-7524.67629332361
3810.21089996333,504.973683774956,-3312.38112970637,7639.6866946828
1240.79706280048,3455.12204959897,-4961.25417995409,6473.64026920071
-1128.62431400705,-3009.74411138801,-3941.29075732363,6817.98569089683
2785.55227767567,-1683.76282877119,2877.07215934038,7077.42358606372
-3628.12537361078,914.509819030762,-6153.11808171048,-5384.81771910221
2677.84295935736,-341.789451235653,7777.58877220493,-559.759320134297
2157.20810282385,-6682.44028541116,-3288.00821623245,-984.767300956796
-106.322784423828,-2592.6175999185,-2445.66797139075,-6884.89049961859
2053.57488296022,2778.09546505794,-6959.05191775188,5051.70284055332
3142.46398673239,-1809.69748674082,-6910.7081189761,-3162.23828332124
-1929.33047456102,3314.84350883095,4140.3236952879,6720.05162524259
-422.887902527546,1863.88636604304,-5259.7656658513,6785.69947113536
530.7119140625,3250.32320178327,3812.8939736028,-6575.89596712966
-3083.32502217283,1564.93018312002,6198.84905767761,6247.81253913061
835.219334710962,-3469.21948999978,-3224.16907923541,7447.21475095408
-1.54947668886774,2952.649060436,-7326.30207299405,-3444.1587419037
1812.310516062,2364.94231552915,-7045.07394572967,3969.3298293163
-857.693545960343,2423.44724339222,-6625.17521740581,-3829.90193612471
-760.485868047721,-3771.08612893878,-4228.06281652061,6640.15186025961
4368.30487513385,-202.566549238332,-5922.83872663842,-6265.2208937824
1613.80266356419,3227.09735583558,-7186.29691656549,-652.475911411139
-763.442472548712,-2355.26313310078,1187.56371307373,6630.46398735626
-398.184524536133,-2305.31169017793,1803.03389166888,7858.32929674012
-3354.65466786154,-3003.49588146858,3845.74136806982,-7195.34532099529
-3145.09606697017,279.809039044865,6861.41775941112,3565.01552967882
-4009.265993603,3388.28562203948,-5531.65259654075,-6195.45428278186
-2164.95487519811,-2486.60582608502,-328.878714180166,6751.3751388813
-1790.94996480301,-3180.28862917498,3768.68777956401,-7272.06891932552
-38.8125,3293.81237198545,4128.44368136608,-6809.67756917353
-1671.0979884826,-1030.42087413834,-5055.94593172722,-7115.14199341384
-3677.12053528026,3205.53894478931,4528.19213177837,7367.32355944242
575.209274040324,-2829.01708832168,-3377.75551209504,-7016.98185869594
-2842.68193181322,1623.43695917117,734.581198539603,-7548.42268411235
1685.19404351394,-2909.35148317388,266.874588012695,-6925.9902261583
4238.11114546065,-279.244005275483,-4232.81765931311,-6801.87727839343
-1205.80043438119,2570.0186427155,-6188.27638934142,-5512.41300865973
-3332.54321757402,1441.9458099856,-7059.27043705459,-6228.84628598539
1460.05354699416,2147.85240868053,6929.27506324607,2981.87089596292
-2217.40426349914,-828.019367939051,-5505.91448363867,-7304.48766363317
-3257.59769088734,-2562.35529634717,4170.78747171946,-7908.98092307403
-2086.3960292298,3695.26510519393,-7952.43319988962,-2863.40260070725
-1688.92766073224,-1781.4104135343,7307.79536970929,2191.91468902132
-1760.74452547303,2685.87972835701,1046.66435682356,7738.58639316821
-3437.66287989904,2226.21439035673,6236.15551520093,6823.999817055
1908.02149024888,1588.04607303737,3154.11682609392,7007.03394136536
-4049.36880845408,4109.91871193289,6015.28651910185,-531.697651290083
-2876.81388600282,2424.69730803967,-4698.26239309458,-6128.49257382317
6344.67780794395,-4340.53294707348,-2703.23710469171,-3705.41784619417
2868.70238359202,465.975461213485,5787.85736662789,5662.67140245826
-2803.86402249207,2378.17050946947,-3268.87699050411,-7279.85916187084
-2703.1286444503,-195.80859375,4683.18235174065,5949.80388220962
3363.8642994427,3306.55015213895,-2389.30492970492,6810.93406870683
-3772.59545966078,1498.72180855282,7699.46608947794,-53.9988636701054
4021.00866211761,364.048962740875,1829.37320194216,7017.99432044253
-2509.16391347574,-1359.77372466024,-6116.54526789666,5177.33702641155
2434.38735311804,-1995.46108876177,-3638.91162036806,-7628.80142286454
1772.12887001038,-3105.94618569799,-2732.97830005346,-7398.27709521641
-1863.54616652263,995.323266110746,6923.21233475001,-67.78125
-3247.91044935059,1773.91742050864,5751.07477379745,6401.15014819368
2403.08861331179,-2560.62770256359,-7224.92496008306,-3638.27896179696
2818.75506666674,-2966.7044469758,2201.26642918442,7448.56299715147
794.552056742686,-2315.91169791068,6657.22808449008,-1267.22916596521
-646.258201599121,-3486.81851683659,1458.18997818884,-6926.76267586766
1485.70605176735,2958.07041923578,6802.21853570857,-6266.35928102787
1856.5345375836,3464.32385146453,-3929.54210834752,7220.23107062937
-2266.85410245849,-2451.73109079939,6872.10142564742,-4457.31736481343
1395.17768517187,3233.83687067612,-5566.76383081734,6126.29071305712
455.119978960823,3686.79522812279,-4276.76294696161,7499.94995691829
2507.85800091571,1573.39116993645,7762.49422900039,2436.23238563977
1761.60410376085,1426.71638424319,6734.26315550974,3860.91389111719
-1855.18970369038,-2922.03098356285,3558.89644068573,-6784.43568685514
3355.43022448067,-272.809995946631,7515.42579971848,4020.21896309342
-3123.4496969303,1158.30881792445,4018.68296258808,7128.46298976826
3798.07950087008,-443.391639789782,-2345.39113909412,-6816.2886679196
-1710.18387208145,-3311.68884354081,-7575.49737207389,2657.01437455896
3435.65754446594,1532.1984857856,-7062.23232879672,-3407.49384186167
1038.45406666514,2630.70009232748,-6930.27242180864,-3328.32104149021
2282.6760299919,-1445.78940531813,6882.97834949594,1728.66794960672
-3318.54210523607,-499.307922363281,-6924.6998994096,-1818.77036343623
3257.63292469779,-255.565024383797,-7006.13974931168,-3042.53538480005
2845.6482207395,-2495.78255658247,7271.38568847167,4768.10636119468
3353.91282642655,2022.65678467915,899.640021859336,-6636.58830666254
-2416,-3270,6313.99108182383,-5805.09490075875
3943.74967236115,5.36439911575562,-359.163294059256,-7444.27740400238
-2895.93984687368,-3052.94356833379,-7512.7058516253,750.694950204994
2362.10282028836,-2551.04351230442,-6694.39637642332,-2398.37652425444
2414.97454188565,2717.95435460408,6578.57995618134,-5341.86887252887
4725.42828880355,858.607592898257,126.582749643634,-8118.43784533675
-16.7486036279228,-3004.76807974189,-6535.7804915335,-2613.05147873814
-3747.5127737186,3097.83554921736,6712.91511820473,5138.58194314192
-2805.5077014218,136.956764295676,2721.51896070843,-7612.10828332486
-6601.30984246724,-4267.69249281457,4437.09209104062,-2679.78820677265
-3774.1058935117,28.3002014160156,3423.40817296562,6787.3472408799
-3975.38896744068,3161.66698623285,-1552.57810785467,-7774.87592568875
851.629252018541,1557.17991548063,5296.11164831108,5980.45344844529
-1242.85775136999,-3228.05444470864,-6500.23160523186,5503.62827272992
-3069,3652,7325.43494365842,4927.72380608104
1295.74662372954,-2196.58277896419,6949.07742644709,1357.54127219683
-4674.86209785114,-3431.61123456049,-2899.68552430751,2650.5611698263
813.37890625,3214.20202724841,-7240.38256109231,999.437984466553
-1814.63653945582,-2587.70640446033,7491.39603713703,-3718.33461691258
1790.85293019418,-3890.89218023551,8094.06947408929,2955.13560120118
1502.11621146464,3082.2458487953,-5897.58189485871,6068.08899424354
1476.99935541097,3746.38442783579,-5295.83695116764,7278.3147698893
4173.27612432307,-10.1710052490234,6707.26774228189,2072.75670633812
2553.88920534179,594.282708544748,3723.30259790315,7058.68283002839
-376.604469299316,-2809.02954263841,3262.0627724065,-7161.6616241066
4864.76928538764,6147.1691319737,610.329014570034,2262.83182288963
-3370.75005952525,652.008153037981,-6633.15431103277,-4388.78866333911
975.815524183554,-2782.38211738888,-7314.73224603681,-2804.01207009369
1196.25371143614,-2815.01238590656,-3486.41176127295,-6514.88015056001
1230.9527012146,2523.86521989059,7076.81324457257,1685.11698981908
1568.59658929922,3452.79434694569,5856.43445518722,-6585.04154787106
-2794.2243523757,426.470295153166,-3253.92600751512,6588.13095346631
-2734.58881965222,2031.24979586292,7011.39723084823,3393.85633449323
-960.771404146962,-2196.26591660683,6945,4461
3177.71399545771,1309.61469003065,-7075.15030963798,-1152.40277141622
2085.83908899251,2527.66838251514,-6290.12307984525,5282.68714217383
2510.93166715209,-2752.34752042255,-6835.15093119226,-3588.50925085606
-2436.96683533681,2024.58375707117,-5428.62700251418,-6484.61063315127
2823.95080837585,-1370.94810898911,7229.90202605543,3962.57026149582
-2960.68283365113,1614.1650276642,-3108.83735516634,-7137.82159470736
-2745.90177790341,3654.91071832591,-6743.25396866596,-6801.56964514192
3024.65942857143,-3614.33438479678,-8112.87819473359,-1680.82976264773
-2947.74814310916,2102.07942506351,6744.79549385822,6091.79950899243
-1815.48593076505,-2554.77763840751,-7490.63114948326,1854.85207753954
1935.91392771566,1036.92301038062,6245.56199871547,5005.94462665291
-387.461911920916,-2537.46951152442,-7086.29754488765,-3756.14783281202
-149.623840332031,-3174.43214281627,7580.95466713184,2075.60431970086
-511.083762886598,2800.3989926622,6971.29573052964,2921.34669555046
1382.89786298559,3713.54781818867,6406.95291077462,-5901.77636748849
-3546.44826116708,-672.429055606618,6417.39178601443,6150.44115450569
1043.46305364541,-3229.43576149751,7230.08865163406,3189.00789272861
1168.1911315918,3466.06005981016,-2811.8275954454,6875.56971281829
-2037.99346261207,2835.87834724041,-7424.90775311802,-3639.29545691563
-3347.88971024459,-194.858837856609,-6981.05165093596,-3141.30636274775
-3920.13587428957,3422.72999655415,6592,5307
3114.51833381524,-1981.85176135648,5206.46638620801,6309.84605777759
-5753.82099678427,-4922.10334158568,2333.58475713794,-2455.44198409349
-2867.59843858303,-303.411640858299,-4558.62254296249,-6937.13834697171
-2047.80329521543,-1796.20740372649,-6188.8992300084,5778.54294789396
-271.21443939209,2849.93562304883,7236.54421858707,1518.11434305513
83,3641,4211.68542506116,-7489.44342835769
2553.77077275055,-1986.15941767449,3154.89309766072,6850.47585960977
-2622.33677305407,2674.45407608103,-5401.95427076796,-5670.025313545
-1826.82607215463,-1972.72188668009,-1371.41371993808,-7695.37736695632
-5617.76860719577,-3146.43864527913,-1749.68440236664,2948.62003142705
-1602.93803338271,-1683.90952889782,-7490.89933299901,-3072.6628157624
441.104898980323,-3386.52487399777,-6697.21146593469,2768.85016072379
3142.62023060701,517.645978252704,-3272.1550526039,-7059.41395753603
126.298828125,-4130.69914918054,-6349.69094247896,7079.11212541086
3245.96785116362,-1160.55562302383,-4879.10410385011,-6976.83577547038
-355.339702112921,-2463.92755587847,900.28285966666,6910.17011424667
2617.98244162005,-1847.62240234677,1780.45013488936,7301.88867139279
-2650.32942042841,4083.48690017416,-7905.1829900422,-2227.4300440564
3384.31108878131,-1252.29854368932,7338.07207818019,4681.28659420709
-735.665808862858,2671.42409732865,4647.50273788188,6145.18036931779
-2192.04285421988,3453.56872486,7098.35512770313,3089.06908206226
1045.4890438247,1577.09751741588,NaN,NaN
-3986.99858328875,-313.62037665573,7272.81632846986,3002.46284951746
2304.65347184806,2533.65704381364,-551.293300008167,6890.87929101604
5659.35171218487,4127.96909353677,3403.20889447159,-3478.94098249048
-500.452880859375,3922.71327764879,7227.32337035825,-1012.28157467135
6994.22495206741,168.748990508428,-3720.35669492595,249.245162963867
-2455.53788255065,-640.869185558857,-7070.84878437934,-2364.25216993165
-2638.24120121203,3168.41097372375,-36.6776842715135,7690.33177841841
2693.18664740803,-3492.59556957108,-7794,-2092
3281.80665680898,-1321.22031539471,-6930,-2950
365.911273500813,-3178.83998213784,-2720,6729
2102.75448210604,2341.41215825698,7274.81633604771,-1834.48623879144
1966.66324548205,3520.52621889419,7301.0804101005,-3435.94054062506
-1890.80241368596,2609.62027012732,130.93429170336,-6898.96566777476
2484.36113441031,-2862.7223875408,-6992.24851328545,-3857.08237035431
-678.044105575104,1406.17139184299,-6911.23418292818,6890.68969653104
-516.457359622871,3751.12034268902,-7624.52392488375,-2420.10685125419
-3362.57755779858,748.459109042553,6137.18905307102,5459.49681040029
-2862.21771534171,1641.34753629533,442.476582079199,7361.57138148281
3678.68268624936,1986.43048046324,-426.212158203125,7194.79708909008
2102.77464409607,-3714.32100536326,7295.44054263528,3469.64650749332
-1814.15587399483,-1610.06008711487,7195.75019130217,1860.2757165972
178.736112775647,-3578.98644355115,7095.4683175839,-5530.31768441073
3890.74135675043,629.195773192763,-7054.67002870452,-3350.7387053634
2154.61808086252,-2916.33062188977,170.144675829732,-7006.07965163828
-331.372950562643,-2727.30034070163,-7350.7127875173,-1642.32762573285
-1269.78620038237,-4230.4534458536,4711.15634554172,-6853.03765222291
933.966850453372,3375.5477387346,1353.27719431186,-6844.15909186003
2396.06015622868,-2704.22717748714,570,-7089
NaN,NaN,NaN,NaN
-5885.0147545014,2139.93448391421,4850.8129622103,1048.33367263844
2414.61059374251,1616.11201576071,7271.4312015546,-983.587698374675
-724.351433273636,2670.91077955106,-6742.32536350016,-3927.54125171506
-2892.36633767571,-1667.69625175197,-7144.80658435588,4330.88213573213
-3085.55707044804,1648.26654052734,7183.18900764848,2774.49598239413
-5225.81887684127,-3955.31559866936,1912.83836334978,-3545.16624224132
-2147.24723357682,-869.413840930018,-7042.84626314057,-5296.14495446962
-2658.75969039165,-1778.88493107899,7216.35009765166,1022.30542041496
-2730.22598266602,1924.30314718391,1103.71059639707,7798.28670456331
-1371.69498645169,3892.81907894737,2062.19516519739,-7632.75368724031
-657.915949403359,2303.53169951655,4266.55380095754,7451.65281277788
937.49430373485,-2684.88030484419,2699.16744809173,-7286.79664186073
-3443.74732700029,3278.61705793732,-7383.7539643185,-4539.29514192777
918.557419133497,-4085.47488468451,2049.22323027856,-6991.77072267752
-2116.39385992614,-3317.42091838617,-3356.56885799593,6752.92745336527
2013.37551883038,3148.56027580269,-4788.01786391139,5748.83719549626
-330.56494140625,4090.81697103886,3043.48234132297,-7336.15252331227
-1290,-4032,-6776.88037553238,2836.68046642049
-5850.06447900026,3487.59806395135,-4281.60703548279,-2539.90508606428
-3557.59146105903,5828.96945522232,-3124.45719694899,-2398.57522577305
3108.27423220605,-2968.34420296071,-3940.86215525072,-7700.02437651184
1350.47575376049,-2621.65568669392,7223.69733879426,2302.93640897124
1317.57110788994,3110.60660230098,5634.60747902593,-6271.15855953759
-2627.50166704127,-1542.44466403162,8070.27000923539,-711.638145540552
-363.13729490685,-3154.04897762792,-7347.93981797598,682.042106628418
776.623392217388,2960.42881936492,-254.50010756786,7203.37474926546
-2687.50602854331,3670.62209717328,-7052.20616268515,-2382.30243338816
-2623.85736140196,-2327.76302331792,-7292.15764866013,6000.85751049999
-3836.49278534487,-598.510607628459,7227.84122897995,3917.58539209482
262.638029499551,-2364.89911038622,7172.81152806371,-4710.15050123017
-637.975433697931,-3596.98214679109,-5541,6078
4662.07444873052,-6599.08755916711,2859.38307004226,1397.4339414963
3434.67710294425,1225.75868847971,-6761.37617176449,-3775.86931934227
3112.59809878278,1156.93754702992,7359.48237255334,-962.102345388561
284.996490478516,-4005.86553192521,-2118.17992903125,7155.11185096086
-6454.23727309375,3477.66501254357,352.849131291964,2313.06973148789
-35.6912458485723,-3369.86478827236,-955.579764614279,6937.35040510131
-1964.66172233994,-2644.42115117779,-3728.71385076017,6122.38873490826
-2818.84523338608,-2130.45770994659,-7019.10815301893,-3151.46751245242
-1871.93307178921,-3504.91748483271,-5477.16410727747,7204.26319155893
-4237.63178609102,1252.38610076904,7207.03285131113,3925.54273092493
3033.10412813028,-741.160982474387,-5895.07156568245,-4516.86611624314
-3434.09185250198,3730.93043286092,7496.97598127837,2388.6877779804
636.852794275875,4082.10472825755,-5619.74289807247,7463.46522189929
-1958.09264273426,-2689.16550853146,4027,-6754
-1391.41782411493,-2422.3967709947,-6963.12550386992,-2503.94580630001
2238.61043590125,2944.97528479396,7340.51525502491,-5673.65795277933
-3874.08085339168,-1684.40624366298,761.449462890625,7570.13808793261
917.054033722222,-2693.20900016759,-2640.82465193847,-6693.97065939844
-2739.37016621635,2709.66901805113,-4301.79633686059,-7063.44793877286
-1438.0600423037,3432.10342006045,-2718.40726435264,-7126.81229273896
-2640.75440216232,2279.61791934888,-3492.3168554271,-6779.13126216378
1777.35803222656,3195.96825089584,-3725.76659378368,6822.50650118931
-182.940970241002,-3723.77786767207,3737.21949595999,-7461.47614744837
-123.886785341346,3620.15339687481,-1925.90928073587,6919.58360150872
-2830.68317237722,3412.89467526077,-6472.20423839483,-3314.16901368365
2808.2804427689,-1836.46305904094,4962.08180044224,6801.80851009315
1745.37375083188,2256.87391229271,-7577.54635323661,3157.50517777872
3418.36234513248,-1134.56298828125,6215.49356092307,5678.69758929607
-1214.37537537202,-1339.05027703937,6306.16102182983,7280.94451001644
3260.92596173108,-1605.34242521396,6402.61199715063,6130.38770605442
-2946.36467230262,1356.44412018262,-3311.3980680363,-6810.16765752071
-2714.58153332993,2838.93780630513,5114.29635496762,6431.87325960154
1316.49333069114,2811.90541073055,-7277.62992914982,2912.43966152399
239.110794067383,-3804.02911111321,-3184.30227901264,6969.38860255902
2003.14863647395,3466.41193512742,-3702.923159851,7082.1498580991
-2024.9510711003,-1715.59070667633,6859.48510430039,3052.97402700089
3204.21049589001,-2012.7114207983,-205.731707773907,-7820.77242206894
2665.69565475889,397.272829939781,3071.26571800485,6997.00154544803
1964.22447007931,-6709.72772924866,3145.349788505,-3317.54614199074
3533.59502165842,-780.768703690771,-6142.89747809071,-6633.3062605895
3363.09210414102,-18.61865234375,6852.77720533519,2194.63047398827
3614.51136446566,-113.4926569137,6900.12500673853,3185.76064461621
-1436.4079747799,1187.66197368743,-6847.19794801663,808.485855102539
3858.29880507886,604.122997345684,-5597.10756112282,-7007.18171393871
-258.731338629564,4569.69901290272,-4132.74736507598,7479.2452262138
-3086.4686111563,1648.49869943399,256.771559214188,-7493.55375895849
2685.44093162891,-204.042709350586,-6844.82730851193,-116.083642610721
694.26758779101,4401.99979351866,4913.02050696166,-6145.73407152701
-1037.6230444886,2209.37940326205,-3816.53879221987,6720.99338678783
2745.70895298578,-1320.6689453125,7192.19350382435,3673.56199805298
-3021.3299274253,1316.44778230098,-6251.14809907311,-7169.29231802766
2120.19274165793,274.868595831599,-4152.08077223365,6966.74656272802
-3043.98839893408,-1942.83725490196,7198.75479790304,2445.22132455969
1088.12199170371,-2940.56023913793,-5136.97305948857,-5961.90180040735
-7228.61366783439,-2401.53437850199,-1262.48575757897,-4268.26417122606
-1975.80606776366,-1070.90186177929,-7252.5021739877,-3996.36413682131
6329.38158621409,-3413.75316355712,-1393.87247361055,2409.9316404454
-3662.92274801449,-917.868587853774,1016.52174704415,6997.61884078636
753.758272818007,7175.54725096904,3162.61216503552,-4509.299597774
-3431.86420452876,2515.88028002073,6762.62102425003,5381.93008780592
2842.601246838,-3101.95015999734,-6093.91655948953,-3584.48583774972
2915.51812967477,-3027.14776458461,1523.95726715852,-7530.2386230402
3813.00176842057,-93.0059941864014,7175.77834053703,3415.54330688764
-712.93472427294,-3181.03785277793,7160.18066705757,-760.420439394648
-2183.36168556892,-2360.40394292685,6788.06695830005,-3853.53463131487
2607.55697831111,2194.74516774951,-7594.82564912349,3715.19891177486
173.922377100531,-8088.30662711219,-1228.654612832,4158.17818690614
2834.92561939558,-158.900564410891,6552.3453998329,3975.96804105758
559.538901387078,-4492.55737817562,7283.2046871286,-1670.21239393621
-1704.93742186449,-2311.45073919225,-7726.86270569545,2569.66857261503
2728.28027011288,744.931643507841,4812.73780388612,-5444.8596105794
-2849.89564416868,-641.028032030378,-7044.39552630425,-1214.11700310092
2889.9132259506,2325.21736343104,5540.262097037,-6451.76385955467
-313.68215371743,-2903.27783915895,-7017.97198905393,2393.39519082051
6625.63569000046,-3723.31759678464,-3472.99663651898,-2471.52398525866
-1697.74096608669,-2991.63388352619,-7679.28671809188,2724.46070845234
-1325.65308831839,-3907.63896258696,5104.42689103534,-6486.71818798566
-521.471592213848,-2646.18508773286,1106.68450927734,6623.98187312539
4031.52237363394,5833.19783554107,583.818411210233,3493.16588760416
-4072.05875444534,-1225.6854064125,2676.54019715541,6938.98985427907
-3234.24129908631,-2592.89520569026,5102.13392653997,-6599.13196595271
-2705.47867035133,2387.88644271246,-4838.55571841898,-5935.5900186007
5051.54430934824,-3856.73581238315,2694.89531735186,-1541.95512013673
-3360.69241107156,2458.50825213523,2786.09010928743,7156.12491712623
-2149.79673367019,-2576.94156380786,-7577.37005938898,-2480.78896866716
1879.47734455223,2943.5472504723,5956.23834765038,-4843.70088720791
-253.659790039062,4347.5557926999,3452.72438360349,-6958.33435885306
-2349.75953406151,-2036.65310581871,843.387864650564,7497.75750111671
4587.86996494551,77.9580686015468,-1427.20106506348,-6740.47413357199
1700.37943325485,-3001.59123566838,5564.41332474054,4772.35359133843
1458.84227500784,-3305.33787481307,-3350.64715434683,6809.32710457569
2042.8136126161,3091.62509446573,-6980.98113530132,4174.97705377092
-6165.56751179945,-1100.74443130686,-4434.78258096018,-1430.87744568828
-2993.16485475828,-592.77410629546,2430.23507512168,7175.1791036216
3320.54702679316,-3293.13260322047,4692.87646590843,6114.01797429888
709.099792867748,1731.17167092526,-7649.50790661802,-4250.57351311302
-1683.51255931429,3730.17231114664,2291.23484022457,-7368.35776409974
-2907.35701617121,2291.91746419199,-5943.15606685661,-5771.64271407512
-1691.41881535507,3240.09594095941,-7071.66095894602,-3751.09156813449
1843.23876953125,-2723.4967426199,-3504.04243399705,-7453.309767772
461.97644714416,-3954.66304288264,-6824.75375258836,1211.48870849609
-3057.46604314162,254.680352052667,7741.0771225749,-537.58462068741
-1240.52893408462,3084.37226094007,-1826.4232440037,-7217.73751292262
3122.01932645626,2652.57102966309,6619.23043624816,-6667.6483013911
-1112.09078518007,2658.61369250371,3389.2172515513,-7101.81492877016
-1932.92483655788,3560.55852867016,-2595.46602839051,-7406.00135482304
908.42578125,3542.86783037437,3126.2717543038,-7297.74664567273
2531.52439123377,1989.98648317907,7201.25775308465,3035.48429843961
-1954.28812513319,2508.6375948201,1203.36901940794,7309.68711020569
1811.97116622925,2707.94837283581,-1970.25216327828,7048.83004299356
521.255286470363,-3338.13350518224,-6849.69662337375,-4416.423534463
-2665.8819572966,-1087.50696295197,7395.16840719555,3117.36179157385
-3318.60978848824,446.210271027643,-1299.97656227419,-7047.72184673773
2295.10500416091,524.631389710807,-7085.03097934278,4408.66699984853
-1408.55595857168,1921.73638962528,-7148.57659865513,145.1806640625
-677.918069156623,-1688.05460533091,6129.09795585519,6297.33419604996
-889.235388005016,2329.44232680633,-7147.89776416535,4779.8437716057
1665.93289155224,3424.27018528716,-6406.20937143786,5600.74062583868
3354.50206159585,2165.46385277619,397.022939641425,-7496.32871427993
-2678.5060820444,-296.243600092897,-6649.96908190576,-5071.93900340732
-2481.08600895598,-6705.78987672653,633.650232584147,-3305.18936820652
-3353.17957873679,-1423.64846599899,613.455772113943,-7525.07515798569
1184.9305446393,2700.29926285463,-7198.89264067323,2275.4062872664
3478.73132446653,2461.74069045863,-1742.9215525502,6602.83608182736
6620.59274802039,-1275.08582849282,1866.22189768803,-2311.25964030843
-1765.47622051735,-2216.37967248652,-7048.11421906331,-3596.47907483909
2390.90930800385,2550.43728057306,7166.29361925637,891.411965132104
4310.45325256103,-966.869669413888,-7167.63188650041,-5344.38655762445
-3257.92284168696,-5889.09065767918,1041.71364144559,1930.1382319206
2925.86303174232,-1337.84082772084,-6958.450661617,-4333.80925384628
-2079.03377596917,-2739.57059227211,6574.72895564517,-4490.75179602126
2232.68888155342,-3109.30110241226,3638.41245577523,7070.28308295166
-3123.53334919759,-2720.90286712007,6254.54478672188,-6982.43183213048
-489.264188878676,2743.5630726652,5555.17301542957,-5735.03355235185
3221.88689295632,-2919.19585899184,7420.24239619229,3339.81633478216
2605.35155109218,-3121.87896145373,7153.70867934519,4572.02870557137
741.733034833841,-2962.38957842223,4917.16347007577,7248.50231627306
-2494.07436324486,-692.333374424011,-6332.43041374522,4893.97407373033
3056.40272483806,-1295.97600083873,6279.10349222952,5699.74955624816
-2228.36183351474,-3368.40737359805,7024.06141640057,-5265.60641011748
2212.19455303894,1465.78066276184,-7537.16727724884,3093.95275730698
-1639.72858788081,-3225.75528727185,5346.34719053092,-6916.26460323216
207.817277668328,-4465.41787639649,-6520.03141562421,7244.85251424743
-3418.69144156189,-346.044989429776,6734.67970543356,6632.2669570462
-1881.53089279272,-2741.63603222939,6083.30857732239,-4526.65045053519
-1481.45003694939,-2738.91096905149,-7492.88097302977,2676.40209283091
3517.02156942143,-1516.25865271572,-6634.5557915159,-5555.42032406996
2924.48860554764,-1071.43701171875,-323.841482433436,7352.03085905466
-3619.41254949008,248.09375,-7271.67809375518,-3568.76257505835
2665.48639767273,1259.97837756392,7242.12581055609,3137.43188096136
1307.5662969247,2755.77489684125,-7852.95895493269,2685.86599778847
1955.14189458745,-2545.20393859546,-1787.68848134819,7116.49783939576
-3660.15328446448,-279.239631652832,6362.70805827827,4336.60208021745
566.490211108635,-3536.9756403585,7900.90542566255,1176.57863220298
3213.11448035795,-1141.546019166,6294.6779719332,5765.50547828536
5975.47334803772,3737.90902723339,3425.59100634072,-2884.2207749724
-3173.95319915453,-1642.73568556446,7118.76628564849,3574.05880529521
-982.944454839153,2927.85931415266,-497.574301023029,7118.00426241692
3373.02881683886,-896.702931391184,-5490.28319696033,-6529.52896307273
-2400.44173422275,-365.205778136797,7074.02028155351,5662.41847646219
-3378.82272170719,1265.1290658071,5467.17110713586,6993.71245696056
-2936.32276007446,-16.9166033084576,3699.71407726507,-6538.45847999552
2449.50883274685,-2175.75330893316,434.956444756339,-7099.34569751815
-3423.60012831089,-1350.50432760855,1218.57763404478,6895.34187893676
1028.14686903358,3370.61378093839,6890.51932614289,-4180.0416570795
-3428.25467705773,6758.0992441387,2835.76449812371,2109.05773763802
-3344.04838562012,-2610.77916710578,-2244.36561326038,7860.98120620864
1472.71246860927,-3737.63082579955,-559.980110252633,6610.5315616073
1974.47613331955,2484.487271726,-5750.93431904791,5248.39851837662
-1878.0538082839,-3420.52614639016,-6438.72470448139,5094.44169198754
-2993.3565172994,28.9692382812499,-6930.99649304088,-1210.18122707569
2534.53681819804,-1206.71154748922,-1853.59424655573,7348.19660190433
-114.332794189453,-3686.71348046398,-4247.0125286211,6616.37735553204
-1129.13737216778,-2987.29419104372,-6665.8959050208,4758.21134733297
-103.293037414551,-2759.69789949164,2383.49871884811,6944.96101742683
1926.20467734637,3276.51109829275,7168.8163415447,-5627.73543865624
-2941.09611714567,2989.59576649097,-4258.69210233666,-7054.23116903886
-793.410289534149,-3937.79080665308,-4342.76022700618,6765.83163285997
-2618.35176361737,503.488351342415,-7122.96881877398,-3565.95762191569
-3210.93630914992,-1239.11419740657,5868,-7265
1620.24360692611,3271.62288982023,-7046.74206000241,4885.33906942856
612.482379124533,-2735.12806086462,-5540.74028952981,-4415.58827260282
2401.69093048878,1055.80526029809,-7046.02949820794,1752.33088019734
-1332.30135255458,-2669.18804734564,-3562.20381986318,7029.31877733614
-1646.20163549583,-2920.10651084285,7372.93538173574,-2351.84117698628
-1074.92386670706,-2715.56192610375,-7115.71942937384,-2204.71744379798
-663.2255859375,-3289.43047233003,7313.45521979183,3296.9547883558
-2429.19896123658,-1338.99074481326,-6835.69547629613,-2246.74069999752
-2497.25000294926,-2235.36169072255,7018.76826545397,-2336.45941563479
-592.708003804174,3802.34907308682,1581.0652102956,-6868.35190035524
1828.06113487102,2010.43809689541,7002.15019247105,428.521484375
3010.90889106128,1389.16886120664,6762.01989714062,3986.20495024799
-4136.8973422944,3.16548295454546,-5413.44534345196,-6868.35571799421
3493.37038862185,2256.56253453447,-7391.90583129217,830.08318762324
-2652.64914913385,-2899.51585959666,-3893.65483198031,7339.60077141655
3026.03735235374,2219.80569498433,7323.69751859821,1644.6886527008
2087.75868108782,-199.81755065918,-6514.20391566697,5198.25518297819
-721,-2666,-7618.94810978826,-2971.9119264762
-3747.95405531211,16.9896835538184,-7351.95246086707,-2778.13294568071
-1597.49379821271,-3073.95889455053,6087.16784458713,-4752.05404807208
-1341.53062975164,1492.41449610026,5645.82243600496,-7003.14102973407
1756.50589854649,3459.28894161288,6191.36164825835,-5689.14514028358
297.933349812374,2965.48004409367,-3651.36891973173,6818.63088014023
-4359.65788658995,-1687.78452966198,6494.15010299214,-3328.7348865065
839.706301615064,2541.54558457371,7135.77857188278,-2716.90021046665
2818.93796125531,-994.440397493132,6715.72317356709,-373.975460369767
2906.70388459336,-1421.95928034256,54.9477564013979,7249.05205550396
3559.20884862867,-3293.0191876382,4903.55552601577,6765.47967019643
1014.85995875551,2813.20919067949,7157.43065771589,-4873.16306013079
770.410297384317,-3299.32422385277,-5322.07292445592,6437.65440513344
-2162.90623062197,-6557.23296725413,-1127.58686190114,3596.60535197686
-3404.8080945063,119.68115234375,-7180.72928917976,-2688.96792068318
2647,-2856,-5729.48267689853,-3590.35368115392
-2100.46592576231,1613.38821463576,-7087.45686912496,-1538.21447574265
817.123877226417,3978.71671901131,4420.88397217839,-7148.68648477151
2899.67070376479,-1149.90660608534,-5292.97612338849,-6102.66389656314
4733.8025926935,5329.40155588019,3759.45821145321,-2167.77037493568
3426.44428768262,-385.964172363281,6743.25458738759,3849.53862334982
-3987.34039299184,-2011.81208976645,-1814.78383972978,6573.60956089877
-747.728449029961,-3716.92807309018,2906.88356678342,-7413.47858907978
3988.77330103134,112.879440307617,-7075.02640786471,-3635.24375325279
-2359.42317970137,-2836.12982441291,6243.95007769982,-5664.8164616327
-390.568223125264,3185.62384608281,2264.66290213363,-7222.86200326834
6950.71009110431,-3601.16890404897,-2913.46898058849,529.937235143332
3336.93251422808,-1059.84969213216,-6661.05989609454,-5613.0679807271
-2516.63090042452,-1554.70220744001,6977.58849690187,-1773.89618054355
-3380.15763298892,-1686.38375761451,7118.56421623631,2624.38048814072
-2398.84824125681,3516.02608194646,6821.38152901802,3804.23076350077
-2304.95023734475,2410.15581311678,5219.74880963733,4421.86111398676
-2779.01491972628,1379.8289001789,2409.87990175917,7230.95911611362
3360.4388693118,1165.77057201861,6814.59976783942,3816.88720008162
2131.01194711317,-802.261687583112,3983.1423420661,-7049.83538270471
-3587.17251313846,1165.10614776611,6515.46509947785,4763.43900732502
-2879.17565132909,952.910791261467,-5719.81900539802,-6359.51277794176
1305.72232293117,3892.42444132336,4845.76604104027,-6891.7910015645
-866.285301263957,-3723.51377139659,3011.12986125739,-6906.44804303473
-1232.29832442263,1431.89643188635,7262.91275792451,-5477.20225629428
390.286399841309,-7151.95045427503,NaN,NaN
415.448229098376,-3072.7893728984,6723.03732155245,-6853.15669414597
1345.99883201985,-3424.87958460923,-5844.02002485095,-7763.61067449127
2758.5501426541,-3245.36238493255,3828.68695907705,7324.07817178388
342.872171945701,3128.2778006251,704.590919089984,-6819.3201896442
-15.3236586472084,2760.5009760991,-6930.02212188149,-3959.19602878759
-2380.62033316432,2922.33165134381,-1730.76874090035,7441.27973686202
1043.29202119831,2672.10202595691,6767.99793511507,-3306.05275487533
344.58984375,4584.9751387593,-4605.6256107332,7241.75162467839
3961.59516898886,2646.21364966699,-245.478801271543,-7600.9306506072
2614.80277901852,-761.040553626074,7162.58905654494,1738.49887113105
-1467.28351768405,2785.29062846523,1719.8710052432,-7756.83310251543
-2937.45338824409,2412.86963866645,-5613.20074429333,-6441.37627230727
-838.646184202627,4155.43610007419,-7050.4040370799,1487.29663289577
-1783.6214251264,-3153.9814379779,5375.48694723052,-6177.97212895041
-2598.31343085969,-3623.94397021574,-4963.9913260044,6988.42106710226
2161.00334863319,3294.27671501294,-6668.8492392849,5436.38672780184
-2243.35443921347,-1501.36733631184,-6864.03692594577,-2906.95202873871
374.717418546366,4078.67451745923,6875.11496027946,-3920.79693867375
2544.10684107897,-1771.36826354931,72.6115136826683,-7076.60479741873
-83.3585662841797,3186.5065962531,-4795.57748855363,5882.7110914351
483.480933779762,4271.67950706046,4363.45361575657,-6447.78562805604
1145.54714732635,-2710.16320386854,2148.20520429975,-7328.02727821985
2610.10153852508,690.719116210938,6680.17320641421,3814.02513171064
1055.51444599758,3148.1480896213,-7171.20159242532,2309.56984566215
2270.76496293867,612.911192853369,-6738.5462666843,-5865.83939841762
-261.222579598288,-4300.32824126405,-6159.67419775766,7373.98663047407
-3810.37129028461,217.53969634434,7246.07654585488,2816.15941323485
5488.1956390679,6659.94237433453,NaN,NaN
1310.59375777036,3043.5513418012,6007.97435995524,-5904.61498704741
-2582.15269988234,3215.95107493681,-2417.31321127245,-7487.22637885237
2544.83239352319,-3050.55082552621,1428.65725312418,7428.81607377814
2175.55650985421,3283.48163428932,4222.78455818936,-6808.54442279646
1525.8253472636,-3159.98419221938,-4677.78800750343,-7140.26443276925
-2265.25799409978,-1104.34030289189,-1258.3899486104,-8129.30348039005
2526.48711745007,-2720.53717930997,-5107.66441625645,-7327.98964992165
3015.38445095364,-3050.94968726241,-5439.3926175845,-6561.09164137756
-1265.21607805301,3021.0294231577,-7931.84126644044,-3239.64931776327
2308.40622291996,3076.72334070046,-5918.88757530828,7064.70459878464
-2138.42272985892,17.7274561600719,6479.5835338962,-4656.71352415329
-3155.27627438469,1577.6697299034,6532.98916490236,5768.51024323547
2169.18747561027,1689.72224054516,6849.81641923922,3375.57530768029
-2257.84436345572,-2397.5421063151,-6794.98916916423,4239.83735002749
275.908073425293,3790.18362089446,-4287.88185809197,6992.13189209748
3586.24334708009,-2653.70865513058,6978.79359390421,371.009538039909
-2316.92811114686,2707.09828850583,-712.954951755576,-7123.13370512928
3336.46697455545,-1299.34562929005,-6180.05075821399,-5641.6213297005
-3312.63096057237,632.992055828652,-6640.52609324071,-4308.1213142965
-1914.25946706758,1424.21630859375,-7466.05362370696,-775.034582400777
-155.119752798507,-2220.76748592193,-7055.62352022492,-4278.88331245427
3755.59443396477,-700.640802979971,-6581.9958130452,-4537.35197323639
-1011.368200731,-3549.02587999488,-3325.25250534508,7311.88647607277
-6303.40549814624,4578.47372763557,3145.05090405839,2901.39127304147
2627.90576362519,-2260.31519513437,-7236.00461172481,-3730.62288682521
-2659.0343422412,-2823.34448184314,3515.13960282336,-7251.10534451276
-2194.84183948303,-29.6342738386224,-5931.4151334463,7199.93613111834
3635.42831876186,1959.70303566325,826.793003199291,-7258.12580738983
4221.07057593438,-1077.75677260116,-7475.5117243377,-5750.21197900362
2552.26211892754,2090.5438186598,-7319.01499262722,-2222.51229867239
-2870.25289769021,-6940.06672081784,-1097.72765768401,-629.063978937209
2655.4448546854,-3064.48879113545,6192.25954545453,6484.33531364134
-6172.13749878372,1729.17753494613,-910.164767675412,3775.16162040212
-1059.28838485964,-2089.62031389024,5798.00252543934,6498.01246518715
3622.35197420077,3550.41269144152,-6239.05044152294,5046.13318839465
-1040.57980759122,-34.2960235095415,5141.29595879981,7559.89388212701
195.910737658601,4151.72060494718,4332.68633403936,-6994.55328566094
-2921.81999291617,1775.58935630299,-1147.53206818182,-7379.2767425876
1022.17963964395,2750.95763946711,-7215.32557102109,2483.26460169234
1312.21905247273,2791.55717826418,7537.11567825073,-3997.94388442113
2967.70266710605,-604.64576306914,-7004.88413458166,-2355.74514385795
217.076461011051,2301.44409223331,-7173.12087674699,-79.064208984375
-1125.79358260164,4082.2048727828,-7597.12211664603,-1876.67378262583
-3029.99968022175,303.73291015625,-6777.43997202939,-3385.34050019331
7203.37393797791,-2487.07333394824,-2309.77241689939,1494.13418197632
2978.47638710743,-1204.3004663974,-5543.23163574708,-6964.18146827568
-1761.04639781657,-2938.33429941096,6410.47902514964,-4389.74850545795
-1123.734375,3409.19346858825,7499.63015007027,-412.217054620456
1741.92631231805,6501.09839027026,-1875,4018
1398.83267196711,2711.10806602716,6750.77911709074,-4560.08537074881
-1541.48284458205,-2255.83721176503,7102.10236651782,3249.45261537983
-604.772786256697,2764.27097992119,-3351.13856796201,7223.56207643711
1120.50111423758,-2815.29606071235,-440.360073244473,7464.69033769493
2511.72364462576,-3125.92304129875,-3383.67031249532,-7593.75785069939
7007.56763432806,-5245.23434037774,NaN,NaN
23.9799077427334,3471.88836475866,1058.13209685114,-7178.63936172682
-2305.09476362791,-6985.6417325885,906.457580566406,-2756.14535089626
2989.20095186801,-888.917192653847,-5765.46270770516,-6665.37065010222
-886.375,-6806.70937804284,301.115750919185,2179.25941000122
-3386.08689195194,1511.24471439169,7001.79523356197,4181.78502496683
1375.69045257568,3798.52430069995,-2177.71271349184,-6196.27826303922
2731.65775485548,1281.7076064354,-6512.24384430169,-3989.71964217515
-1073.73675365434,2292.20649247646,-7577.74803700526,-3251.90229127936
3456.20041244799,-2276.17726815928,4141.21140061749,7375.35370781083
1046.67384403944,3077.57976060642,7160.39615403544,-1056.62780271532
3723.75250533355,-224.343742370605,7446.66855799108,4297.8915957193
-2257.61601864869,3399.90334262358,-1673.37188269972,-7464.19485511293
2622.89515708434,-2252.59635889105,692.28758565377,-7588.49898317652
-2495.75016678338,2836.77393178471,-6834.02480456423,-4007.45962243002
813.827665639835,2210.03632146343,-6678.23672603247,-3579.12132696979
-2163.46984400036,-3131.69977004886,-7717.0818070625,1741.55362098278
2021.51202869415,-2817.40446809091,1152.33746905607,7658.51041547925
5366,-5779,2797.02978013579,1822.64695479435
-2406.3446977914,4142.69649427106,8025.41727082826,1225.28738421662
2902.76243382007,-3191.98692485275,3295.22104273748,7266.71931660094
-1277.95343720573,-2685.45420059799,-7532.73699193952,-1759.20397779095
3435.84267832152,-456.620397599017,-4702.10856195615,-7140.83683737795
-928.122282465077,-3409.88415973369,-4101.92372685079,6647.98360930126
-3565.85422960996,324.606602258867,6573.4681598414,4488.28593180035
64.6999282836914,4479.21152144932,-4027.17004340668,6733.51634450079
-2127.45910693211,723.447651864896,-4682.17407543644,6715.72353452742
-1981.359765625,-1970.68435321362,-7323.03679510241,-1397.75158992284
-3514.56895075999,-2837.28600303351,-1347.30473805997,8228.66894352379
-2199.00061344368,2450.77934276939,-5743.43086394143,-6558.05698164776
1788.37497086722,-2942.15525604728,694.429452824277,-7291.05112291348
240.393049568966,4538.42598330387,3182.8965593133,-7283.39070436037
-2851.58382244078,1938.67726473175,3667.10965650649,7277.66671110901
-2087.84148491038,-1952.94362186788,6993.39983010836,3173.00436702962
-3709.54861031073,2636.83278894879,-6674.93320333876,-6394.08293357265
3136.24447850849,-2427.09446104412,-6656.78653740669,-4664.73870091158
-80.1795654296875,-3336.1924583321,-2629.29119578848,7029.49644915224
2132.84874678204,-1128.46244557329,7539.70215476521,-631.975974788947
-364.286720796976,-3988.55929571396,-4594.90330616926,6893.01309093295
-1958.97235567845,678.959010231639,-4948.78094426984,6937.90918089229
3080.05301497997,1184.19809252493,-7121.39366511395,-3288.77195976822
4129.28416472172,-614.021409209518,-5584.66490690729,-6636.94352297463
-624.802897458354,-1818.67977026643,2956.32914608606,7398.20388624488
-1395.78135947062,-2670.92466349442,6446.33657390487,-6413.02802099896
-1639.07566052303,3722.92224027906,7787.18861889673,1431.41983335044
2724.03913705098,-1227.03183984833,3903.02355832362,6644.58306737772
-2206.12142813406,1272.79916094395,-6968.6912719328,-4097.89393242057
991.333973722309,-1701.7629502319,7666.08317486788,-2340.52290448964
-282.501312255859,4304.53310749001,4132.95273409055,-7403.53246206197
-2766.55820772198,901.970185794932,3108.98943804662,-7269.90984766204
3462.97852711948,-823.199935913086,6906.24137112098,3681.37682485729
3105.76809448405,-623.052042700666,-5567.95523061395,-6983.72867423884
2778.4190732957,-932.69835589478,-696.704749553466,-6969.46101450634
-2379.46235656738,3263.93379601208,-2014.96648176162,-7814.51866830133
-1777.98351194124,2408.21164136978,2660.68281894851,-7322.99787591199
105.877295320375,2411.40234763624,7115.06478599883,3057.47241893509
3599.86710668046,1657.14232764942,-2417.96309597693,7276.80428531557
-3081.294921875,2789.44907466701,2462.87618998268,7363.49244543161
-2807,-1466,5058.49392681567,-5777.03863379449
-1579.37738065678,3770.4255125219,-3166.40772979423,7135.59457191586
3461.19505852422,1201.24451279882,-7040.76121644672,-3655.54749514704
2316.4740934112,2436.35690335615,7146.4846145504,2626.79279290098
1561.22761144853,-3841.78638589261,7905.82143572989,-5.39236059068133
1874.95155349682,3091.32665407037,5707.680519688,-7543.34237993368
-2387.57199519231,2205.33940297092,4975.69164948852,6123.95222979907
2055.76970712059,3143.58752884855,6594.36408556491,-6802.77732368141
857.23465625,-2804.07759948401,-2415.82074822748,7051.50828970346
-1220.68061937403,3159.27575203443,102.952848243713,-7433.95096489453
1625.72335311551,2485.80272188406,-6686.79517730503,-4213.40337031175
1197.76390125477,2285.34082099748,-7019.39603408809,-1024.10457691643
-4650.41296785209,-513.044059120929,2398.1073652379,7248.63159202195
-606.24133927189,-1417.65074490726,-5997.40398446201,-6948.05303080561
-982.632011916035,3512.60687690625,-7742.14268067277,-592.41049006517
1500.33077514066,2445.26198312648,-7661.63073924066,2455.00436001651
2028.99130300903,-3616.67579839368,-3620.69644235901,-7350.24347484458
-2451.2562402083,1829.30932004606,641.852937477548,-7694.83650532656
3254.62126542346,-108.713798522949,6957.41490104164,3790.85291954683
1075.39343362864,2968.05255485994,4697.10655442895,-6953.44041192715
-806.548030182278,3225.33406967313,-5986.79832132472,7325.46482520157
-2065.65285735017,1181.80562249274,7088.33406763503,-4683.50719678887
1490.09399670138,-3630.21728678344,1870.90967058384,-7169.23220349092
-3090.71075960589,2009.10926562022,-4120.88933200188,-7334.583961603
-1376.8116103903,704.287773854607,7456.91608073302,-3821.33386096237
-2372.27684183875,-2341.80355725663,7014.97261409021,-4357.03334193336
3444.03997076873,-521.394914696069,-6629.13022668143,-4496.35978278011
-2138.56576248399,-2244.06630965482,6878.03378058024,569.540896220721
-475.027317504061,-3334.76534573618,4407.0989023617,-6546.8126078791
-2991.46818983489,6070.9497717348,-2849.44105497614,-661.019986501154
2206.96174386622,-3089.39939842958,-3981.21229612132,6814.13221503257
-2277.66552111644,-2630.94833610775,5890.63192059067,-5117.64495515956
3424.39240712018,-2430.06539842992,-3825.30244278507,-6221.98237196675
-2845.88374700074,2853.24365186265,-5985.06654348988,-6611.12665981287
3722.3773302699,-179.6015625,1709.44950177167,7211.03391217321
6310.30730754032,-3426.01280852386,161.681047477978,-1687.84082778953
-1745.49537908381,-3322.17626743347,-6207.41206975374,6200.81581241866
-1836.12142557801,-2585.08501966345,3833.81759041777,-5642.69991021751
2937.33144491737,-2192.5917208753,-4986.85517596649,-7108.57706942696
-2697.93092591871,1003.59401153615,2546.23458512135,-7765.7917020418
-1062.8206598804,-132.32191109673,5637.43371716789,4889.75571548042
6731.14749880687,-3288.50033958486,-151.057373046875,-3740.98471923766
-2346.07444568235,-170.458473048211,-7583.83140085921,2415.01860449937
-868.547712168065,-2042.84494289113,6057.66376689325,3799.38196667706
1275.98536781206,-2675.03989152442,2828.19781297299,-7876.60293498866
-2227.32234964799,-1855.24653282491,-7442.57652567194,-2879.98958875225
2641.08023375048,-2584.29643400306,4963.43726675109,7085.00097587418
-1289.60089285714,-3912.25043483762,-5910.56252130136,6681.43126983255
6374.24348707928,-4112.99830300467,3195.52714339189,2655.45673001553
3296.3100408035,-1208.0682857532,-6783.30276062917,-4772.52182867737
292.840588571948,-1989.91460809353,7334.86829178729,-3642.42090103674
90.6526244052621,4215.1389464081,-7030.39687999097,2216.5848692254
1577.71253566809,3532.23555902761,6512.20399751971,-6987.73058337773
2840.48080079038,3229.61365867442,-3830.2678938799,7116.33144658389
1130.7513136904,2899.14575035858,6977.07546548814,-5184.37427204002
320.833129882812,-4122.69843833879,-3055.56563192479,6841.02092031656
671.121032714844,2735.64346594019,-6913.78702528808,-3830.86432870571
-1119.96285042201,-2994.82024765794,-5654.71301098525,5849.69338097974
3033.45745829436,6826.2391891315,-2450.7044555577,2828.18733893798
1135.9667371667,3469.60600994504,7017.76441417865,-622.728038748311
-2513.7082431538,1834.72659040333,-2423.52465511286,-7263.41437488753
3445.41127932192,2896.67375322773,2523.18111131787,-7904.97356592582
1488.79825592041,-3035.41151808755,-1526.39439747804,-7394.58546687396
-2566.45774935873,1116.88096097711,-1939.03400060633,7097.59655509503
1130.32151037474,-4483.02704662647,7249.55247303956,-1379.12052983742
-2569.06066905349,-1888.72610836376,6911.81132861363,3533.82074935383
2499.31102384836,-2109.26800495476,-5504.98076447853,-5430.46720997681
3223.53314573669,-2273.14001053072,-6465.06447442518,-5563.96112173847
1120.54494069679,-3898.70361889369,7460.2145020248,553.631669894876
2819.34121424344,687.189697265625,2432.44079473835,-6668.64157633978
-383.943356125738,-4132.56423529857,-3443.28940501005,7135.33415416235
-6470.11653684939,-3080.66042878517,4988.04074010319,-220.340502171232
1022.45895062868,3181.37788591304,-7372.25874700767,2002.95523205261
-1560.95329850476,-3239.15269965763,6791.46345504204,-5182.50047164299
-1177.7941622649,2424.21362594304,-3744.87833230536,6988.57639074858
-3318.49052396911,-294.666641235352,-6982.28483472127,-2904.06566199328
3564.20771081554,-416.809573518627,-6736.09359844163,-4929.24697547492
2654.89568639968,-1538.3959541616,-6141.17074814746,-6391.92262346455
918.11767578125,-2611.78955407684,-7420.85260161243,-3117.78191634791
3283.76659624379,-532.713602567974,-1829.828125,-6746.28488724622
2519.4223759668,-2764.99092537124,1659.21943393776,6778.02681572886
-6381.80579335624,-542.534789938758,-1125.56892634292,-3459.16277618478
1516.25762879422,-2966.08666419833,-1717.57650310099,7044.92484999885
174.869126433886,-3541.22653383287,7365.12432476738,2860.52879257287
-3399.01853556454,-35.5623511363566,-6982.75669012045,-3363.62664742767
-3286.65985362641,-1345.56585765247,6999.51704477869,3677.9513896297
375.01019865983,2665.55639486284,-6588.55916879973,-3968.55274097268
979.504570007324,-3427.71100528993,-1068.59042832802,-7703.00302689817
-1723.38960486964,3030.69934508416,-2716.40742878522,7109.55378267922
-1451.9153688309,-2134.26677683543,7152.67704541123,3102.2305226758
-6608.41643277155,8.230712890625,-1116,2673
-810.97645505488,-2434.71351779673,7159.57076304723,-158.429203539823
-409.810546875,-2991.44971506194,-4345.71783207293,6451.37887732413
-2270.74779451633,2717.20873531645,5340.6153143642,6921.54047820022
-2088.19920308561,2195.70951948884,-3017.92937140036,7068.77043904412
-2294.5070747918,1508.23370842899,411.783279418945,6964.87350497937
-3133.41297806722,-2691.8061620801,6863.8883218886,-6824.8482608214
3050,-1449,6528.88726095129,6028.64702007195
-2092.78909816072,-2429.40582238467,7184.51817058705,-1979.72709700343
2337.17051641297,3121.61459979623,-6760.18658442491,5469.01245819153
-2761,1099,5945.26807479972,6192.1120442692
-2540.57219088315,2037.50930190484,-2894.33268956781,-7126.72881621219
3379.37741849889,877.971773826365,-7504.96726537038,-2881.45097110476
2642.88026695756,-2699.41782200358,-7273.40223302153,-1638.83856878584
30.9941735428371,2765.43502993268,7348.24106826388,-4904.91481873258
-2015.33743158958,1236.22262628501,-7498.54312015056,-4088.45190511576
-2737.78344322403,3545.90087322035,-5777.96080002812,-6039.67089408529
-3895.80752402208,295.39453125,-6701.34440808201,-3217.3285971679
2900.89050529978,-2734.0046054341,5165.24718811382,6353.54486247314
1412.64646809896,1793.60262712886,2781.94743743688,6809.02595603656
332.380046959721,3922.62750406314,4226.43875379475,-7299.2565445273
2350.43842816822,-2669.97605830265,-2101.09537138528,-7208.7359317975
-3084.30610456875,25.7174776987747,6754.61490849261,1286.22758538798
1185.919105273,3414.4795081464,-5589.87131938854,6596.88852047479
6102.2665182608,-2174.21439765494,-2987.25652116612,3200.51463049409
3170.32984324715,-1549.31634277142,-5343.13084575857,-6603.46274411733
-292.670285044011,-3502.99048276381,-3439.12976855081,6868.25709328402
-462.076843261719,-3618.14910045024,-5637.98226030356,5672.60087310101
-817.216116018229,-3126.72740426721,7593.85591964667,1929.08131723903
-2689.65442342849,3170.04278586325,-5393.78160155957,-6880.26590792681
2107.67114608751,1241.43545956039,234,6620.33574353783
3747.97214798727,-939.131114500453,-6114.27091114042,-7180.44420701501
-3529.39929034778,755.25,6902.22202422106,3278.35800934354
-105.896240234375,-3704.38318150156,-2995.13700556844,7178.54199875586
100.029602050781,-3319.61213133077,-2548.11497924805,7153.28438779673
-2747.60515344189,1127.82591362126,-477.724568211119,7544.55821575337
-2350.10344393717,145.499125414638,7083.17321398584,1361.11290857505
595.895475213189,-4168.81422529311,6974.72307955309,-339.0087890625
6736.42342437818,2907.84604507251,4234.01757810492,-3294.7678527832
-1250.92573547363,-3439.2879366883,3554.66765728128,-6810.70481791516
-3909.40259066634,-372.96484375,1527.84309500664,6318.66413375223
1421.24021533171,2697.42212509527,5785.44549876432,-5851.62510654085
2263.4572767639,-2599.8890811897,-7008.71282265902,-3120.2003847293
-3494.08968060105,727.272958139579,6146.14372920528,4634.76078248006
1913.11070922666,1503.63965542657,7141.34447072039,2932.13723491266
2253.00812286345,-2213.01256811204,-3714.57923139468,-7330.50385950643
6748.73713674363,3707.4322459368,671.04723303586,-2450.26691482374
3125.10471929281,-223.743865966797,336.845593261719,6494.69499519372
-2628.45177452816,-1881.90826308531,-2086.6122196496,-7636.45257564129
26.8370361328125,-3547.58027215042,958.821341507558,-7013.93497577902
-1278.40351812367,2528.27416748453,-5166.84060974841,6596.54114696118
-6835.96486831218,-3764.77695673604,-1769.73444225479,2667.98008274514
-959.328628540039,-4104.15420671352,-6828.98931781367,4175.81818672753
-1227.78244029598,3534.66685254965,560.870216912112,-7203.40884527866
-2821.09352392592,983.000134595607,6654.21687238344,4402.72004939181
-2882.59475884771,3598.97596261714,-6439.72081652085,-6232.44914845498
2485.68514049135,2361.36751288424,-3420.98391177285,7240.14509705017
297.962363004684,-3378.39776231203,5379.04047000907,-5922.31347407455
-2746.2526472449,2660.31117605248,-6996.50821633722,-3444.74552472108
2932.51442914134,-2496.75728859958,-5636.63747519857,-6447.64361485898
1781.97750793251,-2207.08579214713,-3480.02628969533,-6566.88399644958
-2360,-2852,-5418.38049467201,7312.82983528957
3005.55605248202,2572.63356472028,-3631.68528629975,7337.85038773843
-2867.64419954386,-1658.99346392672,5992.69519270189,265.050527919139
-1118.76015012877,-2250.92083683484,7026.58091820234,171.976860046387
-818.548714053513,-2879.50749391045,7192.97297318795,605.426118840916
-547.800080569565,3303.82898013191,6747.94235593183,-6658.00465381898
-1085.35581665039,-3636.71029806388,-5467.51850512357,7067.96233748095
3686.81606685244,54.7477966880249,-6769.46277142672,4280.86114812312
7377.96016613346,-5144.55678900749,NaN,NaN
-904.382814843281,1239.38257796268,4781.85908110859,7069.69202959844
-3205.22772894032,-1350.9316716912,3774.5952417565,-7000.68225011088
1292.3670757264,3533.52960264258,-6922.40499745154,6558.18597630672
-4495.34131610861,-1962.5841916704,1611.41596127104,6738.83971006576
-1239.62493085631,-2573.32274673043,-6990.93628155593,4052.30358274465
-2006.4401708501,-2949.32424660201,6594.03233051458,-5993.29549378012
1769.9825383184,-3478.61769555163,-3157.9250241875,6930.27068943347
-1058.51483590262,-2759.12470641032,-2994.99617953953,6741.49483083078
-2322.38271392449,-2408.38397981362,-1266.43094360838,6914.61661279803
-2231.92111698524,3224.47451743448,7449.55419234422,2587.90545551367
-2446.5648370624,-1726.52470331149,-821.182092726208,6845.42892692198
2259.63424811711,-1937.55349944277,-2499.50104971679,-7115.46861565405
1310.81444146026,-3859.02643929587,7668.16383079987,1132.86187450971
-3496.08685226646,-2491.36851911261,5146.28744202582,-6176.97186991419
-6684.64990407498,-2939.84121154761,1486.95225647081,-2467.68141366802
1747.54899049881,-3249.31864754098,1206.15867108452,7263.7924161073
-2496.51639823946,-595.852829826528,1708.35748116762,-7194.74656399887
-1833.21122306235,-1493.07450477113,4864.49442773989,6999.43485432561
2243.10827267855,-1547.01139741937,7034.17336651507,3923.63864930842
-1508.76824188232,-3138.00457744885,1367.44522150937,-6971.03622929712
-2267.70283097359,2070.77352065837,2312.04757273583,7087.73402278298
3067.03928571429,978.145982808495,-3080.73433821189,-6808.5808955086
-7584.40716653315,2192.74316449229,3160.59041276118,1463.10154298738
-2538.47168798483,3245.17079837969,-6915.62061590957,-5170.49884705131
-3315.33789427493,-2346.15923789216,2975.28229726328,-6657.85974917637
2567.14164669604,-7213.84695069429,-138,3911
131.914023264402,7754.26786926506,343.976327484047,-2896.61735857977
-2258.19883582541,-1883.2391786438,-6924.66054543804,-427.479459084755
-3112.32071532433,39.2796145435778,-6627.72733218914,-4041.05497821787
337.40478515625,-3944.98770454618,-3114.7074492555,-6810.85886828655
3172.80048575305,-1710.20124514504,-6280.48815082992,-4521.44804659981
-3754.52015549356,-939.312987477323,6999.77853476265,4172.58601772707
-1091.77968184239,-3060.91517710989,7512.76849776803,-262.151312476017
-1625.11176528826,3568.49755649672,-1327.42686702054,-7451.10100494726
-3237.98214652234,-1031.48656540025,6953.38653284663,2563.33246074153
881.966105370548,-3416.23862386561,-6686.84872270458,2280.93098543211
-2769.40118631464,2872.33215766895,-5163.75126678502,-7003.27888698972
2408.70735630325,-1631.69238123849,3332.16362565843,7250.12969726102
2034.11468758749,-2226.13111086688,-4109.54609799579,6293.99374643882
-1442.77563843088,-2499.93724701689,-7289.46529743633,840.056970365582
-657.798463172445,2684.32717403718,4977.71824574241,-7024.55670512748
2841.82527549447,2819.37108885085,-6673.83997117238,4405.688708996
1497.58384442329,3403.31154421543,-6973.2313748554,5926.429578199
2317.25773617154,-1142.84486169838,-6874.49787216891,-3859.43325225527
-846.329934060411,-3540.35184057942,3399.0148308847,-6900.4419636755
-3033.88482781728,-3008.62237168459,2884.16690383549,-7985.9716788496
-3444.76552943808,433.768683553926,-6350.72586858073,-4768.84958695363
-2739.8632701124,-1626.01224995752,548.961695744441,-7076.0790882865
-1481.38344174373,2246.15623145224,-2177.3200143197,-7213.29326254681
-2398.67985464564,-2436.61417055851,7433.93015654213,73.7750056905484
-2707.85457132198,-1588.97334173106,6432.47497544537,-6366.76630695034
2450.88435605686,-1906.08747549103,3983.43059322397,6370.16294262887
2664.10370883544,1610.22412315727,7252.89152303044,3184.08957932716
-990.991215252459,-1814.99155878973,7467.07196666134,5555.10906269284
-1808.54550432979,-3251.84719298066,-5461.79931583921,6132.54061351447
-4273.99335985973,-284.502830505371,6801.3682262186,4024.32966745213
-2617.18705381792,-6518.97734295324,114.036113029303,2483.87262405456
329.09559735012,2611.24231671905,-2313.58688087229,-7764.66600626455
3075.3972188904,-1124.25219850028,-5908.77923096564,-6640.4084376632
-695.8203125,-2750.45992470601,255.167275284489,-7166.8618838228
-3100.08235487144,2032.85989050057,-5950.34208904037,-6426.02209484466
-3202.77476593315,1410.79524545393,-5409.50414986237,-6845.50149013478
-506.818054345119,-2660.52124842149,-3690.32473802913,6827.00539615351
3461.24787495931,1053.5655069512,-6575.44570352375,-4033.78131121628
4109.76471334549,-1650.27485872391,-7450.98607286051,1222.58910254735
-2136.60977053665,500.371226726372,-4745.49700721385,5470.43508876215
2907,-4143,7146.65909719873,1874.98566359191
1736.86060986221,7290.44060267524,-769.257568359375,2644.79801064305
1834.44296625415,2063.35232716693,7012.73067732678,2214.452192686
2569.50892777425,-1357.15535081529,-2569.79601019912,-7405.67606539784
-2722.67506179255,2544.89339470756,-1763.29720024074,7457.37715596883
1778.27749605486,2880.21981523049,7509.30690536472,-2284.7296696849
-2962.71944393195,3289.00104768372,3229.22491355072,7340.83945769276
1027.89992716643,3998.0604061256,3773.72442826416,-6544.3547661347
-1626.37973974995,3052.73912222259,3389.22745214138,-7473.21567547827
986.892440724095,-2944.11878978832,2066,7415
-1439.80863328859,-2934.87680438305,5072.25176224002,-6388.71400515208
2284.12437955476,-2790.25870058468,-896.563587039962,-7402.51997855395
1209.50121374587,2707.68809040188,-6700.8476153374,-3981.25439549372
3478.72009855402,-887.699860074627,3697.52127011702,6288.5596488527
3914.40002458001,-603.969266017173,7442.98818112654,4952.85055288885
-3081.13924495295,-2427.82959236533,-3817.11873491643,7370.15051300285
-1125.80508900183,799.515582191781,-7677.05618732703,3898.40592023851
-3047.64887517475,840.348064395846,5282.0569114469,6701.54206214944
1881.55026575862,1756.65331157135,-846.920799255371,-6676.08309858286
216.669982539188,-2341.68119915358,-7433.28464452,-1591.15694482963
-3745.98210697151,-5541.25694950856,-478.35474429072,3399.35115528475
-1105.52701515536,3065.3748297022,-4867.99823092675,-5904.83715366484
1004.10902717723,2984.63391834974,7141.30148726918,2299.44583706356
-1395.06552283654,3712.35634804453,8046.22289591963,801.015417626888
-3399.49194540379,2571.63444490069,-6029.18689843647,-5887.62790250917
1555.12012393825,-3517.05161126625,-7283.84463140208,-3100.27788593166
-2912.81564772082,1487.92009595748,-6686.68118593783,-5200.80940454869
3448.49952393147,-907.36136327204,-6788.47409673803,-5463.04309835046
2330.84902689574,-1874.07355443567,5243.7029066609,6736.64576139416
-2741.45963056971,-732.343810043461,-4271.39429129347,6191.20527316409
-1811.92384373921,3116.12242279013,-8094.36463040827,-2649.7672192109
1563.41739914128,3370.4451976416,6587.86695717866,-6022.25506215093
2380.20547244199,-1730.18280417112,2554.76985875395,-7220.39277971656
719.465877220279,-2248.58718220569,NaN,NaN
-1541.61988018903,-2289.65840038821,5756.84376102542,-5908.26633306326
4354.68656645855,6833.21555534842,7.03119617405341,-3685.8436407967
1142.2557318927,3842.66656867729,-6196.94034760818,6805.13434102382
-2274.96487309417,-1800.13883426984,-6163.29208726464,4900.61112088791
-3008.81801615901,-7334.55643642198,-2063,2557.05080752491
2602.72406374298,3268.8578837949,-3864.58976021883,7240.29959793718
2106.19246193261,-3625.33931695946,-7112.24385032387,470.807702207226
2021.3861290619,-1732.03556843722,-6730.12948076374,-5444.25177821943
-3100.65940118155,-1025.55438708202,5866.87367727875,-6224.02626393704
-2605.75454293213,1600.09367986376,4090.08887180002,6923.58719165616
-2055.76192482295,2470.8445855078,1815.92794510304,-7786.09129514367
2028.1223400715,1534.72985181141,7116.012264854,993.380963442137
2985.34758979918,942.342414855957,7091.42138527634,2549.74049051542
4380.56633043735,42.3909651103773,-6742.02330650318,-4527.74544193002
2408.21005855698,-427.510009765625,7134.10959972491,-897.081909179688
-252.455731960837,-3952.23583483397,7197.58044502034,-2592.2725477108
-3246.79299387898,374.649898760974,-6288.43074795179,-4486.88504754495
3172.80790630255,-2056.56738183437,-5635.37230888572,-5724.6671819113
3813.17840698785,-420.428558349609,-5265.94559353222,-6889.46278795634
-1163.46767599388,3565.50192363985,-6712.64711028432,540.156913425611
2957.0576700239,5667.22159741974,-3540.68058536216,3912.05500469198
-504.119842529297,-1887.28658158795,-6685.29375112378,-4294.45933756213
-6858.68628369793,3669.19175294593,2182.3860110183,2990.75827754117
-1206.20359897531,-3440.93191471766,-6136.98306362339,5772.91837644434
-2385.96162650598,2226.97398895646,-3083.86455906799,-6682.45013492994
3503.69484099556,-493.932385927983,6888.96468164221,4914.54317468668
-1217.85488402198,3340.31377595408,-7713.53304988098,-2017.67283048305
2014.94244011081,3298.90831415975,4529.70652242476,-6803.28702247538
-3255.23875450615,-159.085226447656,1715.34393825692,-7950.42872626571
-2836.41282420761,-1956.20921377087,2536.60877709857,-6631.09884909198
-4674.33216789272,-394.78857421875,5658.87044598327,7038.89185431965
-1665.27543966695,3515.76768014605,-6321.85992809159,-6363.66897145087
140.40763092041,4286.13757884226,-3824.92877143993,6930.51084092532
2148.23170323509,2680.88780677834,-6547.10467767635,4972.5317551206
-362.833354235538,-3041.44829781529,-4101.71031676085,6520.17950895356
-372.807422582777,4058.34577298343,-7132.78340554708,2743.34632412652
2675.51329056027,-104.841613769531,-6744.2652343796,7372.29732771644
3963.15355642769,-5925.90414376937,2976.16316281918,2589.13137871534
-3195.68437343348,-1350.44883728027,7350.96772534603,-203.871514377204
1704.31901215082,-1754.32820225187,-7295.18916334443,-313.920851132216
-2883,-2840,2415.78238674219,-7402.09528251045
3072.68452974737,-2769.30175810405,-2916.26480280603,-7657.14189836418
-2308.04792142946,-795.577446355575,-7300,-226
2829.38569220272,-1077.19994574486,-4746.04945139919,-7157.89808795924
1241.48711173085,2713.03148908057,4230.71267510638,-6919.40544918621
1819.26309128044,2354.18478455143,-7648.80971584223,236.40502236226
-3243.18867946895,1285.03004640356,-6561.38298364424,-4749.26397483528
-386.868018744725,-3116.63261597035,-1460.24525040967,6873.42070849142
2473.63696589268,1867.90465068817,-3647.27881212619,6880.24981757721
2134.6355612422,1083.47333485199,-6301.53418677232,-4108.49411965677
597.667219014174,4130.37338138285,2424.79859532147,7122.85662787903
1097.67322734402,-2939.11752578389,3306.08501282559,-6417.6856432067
-2958.68983806581,2713.38342546695,-4988.96486411516,-6782.05611450646
375.360662216842,-2711.62697918234,3158.91325347081,-7070.03874570158
3047.67346413077,-1741.35462811114,-2592.87269611538,6917.63906753951
1229.34754813228,3220.89538228662,178.43329693173,-7462.66777952859
-2948.38848538454,-1302.35680167825,6997.50312273834,3550.11731045786
-738.088507075238,-2347.0453618295,-477.970572987381,-7112.09480022365
-3013.29751594325,1664.90708878183,5859.31497484803,4507.65132166584
3338.10948200097,-1192.17787518947,-6840.20989467483,-6762.14646786189
2152.6472962969,1977.02709529426,7110.32341056298,584.374396171279
2509.78090820312,3087.75823174743,-6570.23973818526,5504.21537105695
1788.32000995566,-1523.10244693396,-4502.11481008706,6407.69324161761
1678.63933128341,-2467.6260377472,-7020.17289754254,-1989.90568753003
-4180.62310621055,247.461101660568,4010.94970770324,6635.88526393594
3680.85637719422,-1821.27070468862,-6754.43267551258,-6421.48666052927
-971.148449620457,-3636.24163045291,-5277.18361462983,6281.67683113303
1324.87547548356,-3001.3284329782,-7750.14776896381,-2199.88333223236
-4251.34862918984,-346.62109375,6802,6268
-665.165814222879,-3357.98350222823,-3263.73025642577,6717.09955612256
1738.13098795353,2094.94341933568,7550.01403620018,-1095.5038203988
119.81463730944,-3058.96437192273,2557.22804852861,-7058.96790779051
485.947387695312,3201.42023081668,-488.524320976919,7261.36253834
2508.65246069866,1124.58564100381,-4028.21657224071,-6824.35343873101
-224.441101074219,6782.0361419412,-1998.5245497956,387.368218273948
-2818.53221675766,1671.00271255907,1580.76735733016,7228.6021886783
-2005.65383302299,4189.22426155822,-7232.49807192147,267.739898681641
2830.00857365549,-2010.35164493484,-3839.35823504189,-7302.85939877115
1075.56341516354,2101.37792023923,-7243.77257210307,-5735.76265465536
5484.50380191882,3915.55347320051,-2074.18510309012,1669.40875603564
-2572.40679503819,-124.931716918945,-6769.32098014789,-933.167962408685
3041.21009045834,1720.8854680891,-2122.02817010997,7872.59939759813
-3142.81033734704,255.978480777919,6131.69391752946,4597.63908433408
-2442.99865770704,-1803.77873613885,-7251.63218308081,-3310.16401020876
1381.90035175545,1850.53666402408,1125.27807651497,-7048.26196407043
-2800.16326392465,1095.50486175382,-7063.07227966786,-6666.48557384616
-3116.86683775395,-1709.04010155807,6932.27932248419,3755.91631254778
2511.34199758697,2329.43617858242,7439.14796622413,-3005.09768057632
1565.34145478949,-4205.40646229372,7515.59404312643,3162.66486273747
1085.4754859089,2760.86572844293,7559.65697736013,-3996.73178206886
1602.29411764706,2399.69790553835,-2563.18541408262,7211.02826080772
-2933.07660455816,1056.91927253795,706.544429491856,6944.64073423735
-2943.00352675516,-2983.0772587125,5699.31946076971,-6474.51558218485
-2419.62732878922,1573.13451436261,-1169.81499479544,7112.96798830888
-2823.65932136575,2139.68606002928,-5340.91600241072,-6792.00200917705
2273.08952037379,-3257.82164787902,6476.45268030047,4858.77547524031
-1562.87882974223,2265.85361634804,7155.21888009371,-866.292206017733
-3272.74930252805,3005.79468636636,6402.70948855061,5814.20528207215
256.5908203125,4323.771381342,-6993.89960202539,3329.75352630372
2275.12485189573,-2652.46645753778,-1752.36881771785,-7428.18295300333
-3409.95309047127,447.36376953125,6744.23987002627,3785.51224409129
-3429.15974712852,2167.77397011,7186.97342076473,4711.96413010887
-2472.75818965088,1244.03305053711,-6184.55912387143,-4193.73340038743
2829.10365943899,-1758.40398206209,6330.56586307718,6138.70003806208
2492.65992733862,574.004141935755,6920.19162683712,3950.67903171042
-2915.49837925446,117.1875,-360.377562683763,7841.44478830927
3507.59179404098,749.419054219142,-6715.68338987795,-3832.26541382734
2292.41887717656,2010.41558762004,-7849.4580965799,1391.76925872683
2432.42916971474,-1587.96396688975,6410.16484557236,5001.90431679328
1298.07162666633,3015.82401908612,-4984.86171047306,5779.10796352073
1882.18485555369,-3469.17479071704,2684.68618552244,-7051.39285614127
1828,3246,4646.54887582545,-6887.97322109411
3041.35837370512,6440.12494754394,129.9482421875,2832.23189021426
-3817.74843160355,-572.039011988147,7093.15756221896,2752.43874178123
-6088.13105024516,4169.4115674647,3044.19383593602,3195.37662269461
-2468.52752928169,-2103.5270972549,6742.96016177573,-5653.1144502627
1353.0360103976,2926.60062975677,6340.99522393353,-5930.53555192421
2801.63433035909,-3000.06545552725,6564.40504095079,4847.0690138199
2658.46450739412,-969.207977485298,6001.45635446147,4800.64758376261
3387.36730481129,-1493.20449218091,2443.20406211746,-7388.58338037275
-766.301830150135,3006.883001094,-3859.57254698303,6870.16541298462
-3248.28861380163,-1039.80129983625,-6968.78525534826,-3889.56020408869
3563.73878192054,-3226.58305202293,-4682.60126016618,-7364.98056834573
-2149.96376390869,-2449.39756449546,-1836.96375561786,6785.59774894777
-2776.91764360075,1140.30637902775,-4641.84326146259,-6695.98859972045
241.69686126709,-2525.97235098447,-2839.36791717071,-6775.83677941221
-2684.83336455601,-2967.85723919301,-3727.96735056956,6920.6254977657
2213.0867316252,1231.66184303977,-6961.96910958963,1787.80599853756
333.490898132324,-3654.67272446222,795.999357739242,-6958.62582473467
-2636.11181319165,98.7030013192612,4064.82131056189,-7124.33688751564
-3146.20193119999,-2433.43823338795,7228.21159198391,3253.85990716457
358.286568954143,-4532.948147963,-6665.14558178945,6992.54259325681
-2848.84670497934,1613.56886788079,5926.36495981719,5472.89412490315
-1886.63351475915,-98.9191688331019,-7439.52591133535,5019.77753845038
-735.212745251702,-3185.76656651803,-3710.83311139144,6860.28147489641
-6874.91064170013,631.29638671875,-4295.52988136838,-698.759082838669
-2222.28551003572,3633.43800616317,7902.44535582469,3335.83590228396
2586.63640740926,1001.42626777074,6086.262628579,3683.7415789898
2425.99391502498,476.330215454102,-3786.0934334796,7031.49747367341
639.292533117396,1872.04979735161,-7117.52456197013,325.212463378906
-824.201557441286,-7923.27517841006,978.521884111125,2348.06757127069
-2628.133733671,-2391.15237185624,-39.5715942382812,7121.20501248981
573.249839782715,-2989.08220280977,1690.38305400527,7492.45322936006
1428.72788250499,-2721.45321092898,890.236446984408,-7334.14681639216
1235.90480222166,2983.33501751394,-6781.50546112252,5061.97315484461
-2804.31611353283,637.946393166034,6606.46628452938,4137.29162087792
2748.80519237878,-4080.53315129172,7020.83745200483,2341.18507577728
-2039.71587516506,-2806.05943830931,6896.80652991409,-4835.94301927169
-2699.11406874983,-350.582328796387,6360.92809809359,7033.83336874792
2246.0166641901,-5005.23149765867,-3687.42110126912,323.737389897365
2196.96275457455,2038.72548515289,6908.40413394266,-41.75244140625
-2578.42009995315,-2826.27167272152,3931.42135612959,-7325.1308961832
-1708.65271974277,-2625.20547206363,6166.23173957174,-5837.14966144235
2702.25326456352,2015.09152415503,-7160.26692286115,2497.27003441358
3676.35498850476,-1172.35895557459,7240.60322443695,3291.68384216003
2312.23932603591,-2745.99824909966,1496.39129373794,-7205.39616336127
-2856.14651958895,1477.75010556901,-5359.2296260169,-6658.53396200043
-2552.04691008447,3423.85413497473,5498.58634852458,4104.03326728127
-1942.66323208645,545.81209136312,-7811.2446300758,649.825312174818
-77.2752403846154,-5458.31674674764,-6016.42968815293,-3441.69930925595
3998.07065426506,655.541484746901,-6701.25941940051,-4666.54577114659
-2091.34244069993,2956.48406442639,6107.09733139893,6895.52365694865
-3008.95554004711,-4.52197265625,-6886.01852190633,-2443.29527195095
-2712.95994177053,1143.64967222127,-5662.83326031527,-6848.82154901929
-2623.34921089312,-1091.41881286487,3566.98765569814,6590.06112417171
-217.524246071805,-2713.87542821381,-7587.51203172677,-2362.33241581804
-3815.32102309693,506.240234375,-7350.56744230131,-3601.221949731
1328.58872589947,1704.21657412765,-7266.13269637873,-5110.63907489799
-1254.96970454147,2410.96015497908,-284.38232421875,7114.08412731164
-1088.07899995276,-3296.31582007968,4552.8474272347,-6882.38698180149
-641.43775177002,-2331.98423148898,7575.56210804429,1294.29538946872
-2305.74116642681,1979.46777081019,6431.15157720033,5850.92831307147
849.915470443767,3762.39558104988,-5718.11689699712,6193.89132830161
-1095.75317382812,-3227.90619752104,1777.35755597518,-6947.09312522286
1404.38244914069,3043.10567061486,-5394.95640752409,6649.9029154251
-2913.41990998915,1383.11431577631,-5294.67757184799,-5847.79561226443
-2127.92821636528,2386.91974431818,1233.49327779118,-7359.43934277784
-3130.50678024551,2388.9982292483,-1008.91407921521,-7384.06728950887
-2092.46406193835,2023.01806088969,4205.98218504458,6947.33271736983
-1441.98281760831,2978.91766881621,-2655.31036319219,7459.56466768585
2547.11499147674,439.892770634647,-3816.14193213977,6510.12506313943
-6537.41927492666,-2143.2625093131,-845.619611873773,3099.07173945986
1737.35104277424,-3331.66253591209,-7167.38716651346,371.795048783067
2952.09239490564,2824.87662899554,-6007.48946529598,6997.15849308626
-2881.02854312061,-2446.07533091923,7516.23383952992,2523.18432087627
3122.44718435564,-2464.40844974677,-6200.83785813448,-6565.73516246033
-2899.93235572334,4830.90297405163,3800.72534149273,577.700201715834
3069.80637767256,284.73942565918,607.486474738416,-6763.14559964983
-2864.04788059109,-1480.22427979638,2766.40534372028,-7752.91026005651
-860.095237466433,-3345.41868869286,3381,-7219
-2955,-3239,-4177.07760177327,8158.16999120277
-2938.69799216221,-3451.95937076831,-4432.26744355874,7191.36013262009
3614.55660580463,-878.0390625,6811.43475240105,4131.04646625004
880.889450535517,3379.29553634647,4628.43960967549,-6651.3088483013
-1176.38171001404,3121.64197758746,5513.77640093363,5728.63703135342
1081.22758364013,2304.59893770324,7602.60876837164,-2791.25593468942
-2543.9631528857,-2682.19544115574,6406.23678447232,-6246.30523566702
1479.80216117219,-1466.43885130902,6846.77904983586,-4710.36608378141
-401.837568971677,-7150.1338633985,-2029.16946453518,-1942.41587845286
-510.470314346442,2848.83071114811,7006.19465070144,-5759.80794645647
-2548.71939610026,2059.99196214106,-4077.03254251512,-7297.16152841642
-417.777552264892,3105.86683744417,-4227.9746142356,6113.20427144047
2137.46144833375,2657.67738474051,7388.32400694811,-2295.82578358037
-1804.52382970998,2205.07034502505,-1486.33427363642,6997.9311999769
169.868881225586,-2605.56060639129,6897.84436610024,5084.60793299339
-1502.84383265602,2386.06185189177,4495.32835038584,-6705.07072555246
5417.0663987738,2203.92865814188,-933.46746977249,-5066.49704719888
276.104030950746,2045.02411609196,5641.53626557977,5741.95339884897
-1200.09162093396,3667.89577780866,-1412.28073735843,6811.11659888268
2365.94237044246,1529.6669831756,6708.11876173041,-4319.73482098057
-393.212791442871,-4076.30276107568,-6885.5095974243,6162.35859996402
-2894.48841704768,864.38680737774,2802.94949938607,-7417.55424137488
3080.81230531729,-1478.41878022819,6790.69321371034,6137.78600213043
454.344543457031,-2169.4891940618,-2715.92269298168,-7371.93502347372
2447.06040705835,1860.40927973683,1853.4469909197,-7056.59306909878
-2905.77206011613,430.43896484375,-3146.41044022796,6992.37489289428
-2138.52398855797,234.337623129688,6987.63511447758,1544.92222087744
-2779.17288735805,-7676.46290696761,-1623.72953695042,-471.180991035926
25.4574638292627,4260.27798389331,6959.61308097907,-2438.6212248581
-224.580883553265,-3531.47625979725,-3091.63966842882,6850.98986270496
5091.13135869132,-5114.13698588441,3045.56027545853,2911.08280468836
-1087.19580078125,-3745.01822415188,2418.40691488291,-7409.99538394174
-1986.45967449091,-3417.03470119232,-6646.22475945976,5440.99461248847
-2888.96133751664,1772.21176411295,-5690.82425203609,-5761.01443514386
-1371.77554914113,3504.10455998818,-3532.97220331229,6993.96243720503
1554.52875750536,2742.95844733065,6454.12583902235,-6600.33562451541
806.555478482536,3229.78842771822,-7110.78244738893,31.3561268881842
7335.0747289725,-3051.82092054146,2991.18137833387,1551.58389261745
6561.67538934383,3867.47335241461,2577.68209558801,-2999.64307973939
320.423689140521,4159.47115683379,6752.27880221029,-4138.94029478577
3223.04713402111,-3045.92312065123,6109.68219496396,5586.56939484866
-634.171344107648,-3628.83772718784,5731.1307613822,-6511.15264912331
2632.27893997602,-742.145576477051,1112.23008832832,-7266.89460061809
-571.932996514255,3095.45216795344,1236.77575764554,-7289.88543643957
3582.64498912225,2257.03048322736,-4417.57935507886,6897.35069359554
3368.1638813285,-2427.66907561567,-7010.79027457313,-5561.29771234112
3412.31343792806,-1921.22705721773,-2100.95565560845,-7441.40525142312
1667.06073610747,2987.03135094045,-6734.56799605762,4953.06876901936
1061.07869142438,2099.14447417329,6809.3816546636,3651.91054595702
191.038589477539,-3707.51216244546,-4697.88541026286,6379.09147707481
798.823625385342,2774.60316980251,7532.63916648622,-2597.48951047224
-2055.37680831155,2225.01666838071,2175.63107059105,-7068.86596863259
-3842.48383324782,-2257.00833543144,5413.15051507583,-6112.72575196654
-2157.04157850611,3352.67413172016,7166.09168581844,3711.06379654542
4434.60738929497,-6142.47462086013,2577.70110977977,2071.29068873246
-774.863639831543,-2347.75181859022,7112.78399613656,5780.74913900429
-3353.60811499277,2466.04198406106,-7464.33282776722,-4938.76216157361
-3679.24286920044,755.57421875,-5706.67433967532,-6321.43313605639
294.513795741015,-6828.59358723579,4124.79196822968,-1854.04251675382
